Threshold,Mob_Result,Num_Powerful_Actors,Act_Counter,Withdraw_Counter,Power_Exchange_Counter,Act_Against_Counter,Participation_Rate
42.86,Success,2,20,16,0,4,52.38095238095239
42.86,Success,2,22,13,0,1,57.14285714285714
42.86,Success,2,18,15,5,2,47.61904761904761
42.86,Success,2,23,12,2,3,59.523809523809526
42.86,Success,2,20,13,3,4,52.38095238095239
42.86,Success,2,18,14,2,6,47.61904761904761
42.86,Fail,2,13,17,5,5,35.714285714285715
42.86,Success,2,22,15,0,1,57.14285714285714
42.86,Success,2,24,7,5,4,61.904761904761905
42.86,Success,2,22,14,0,4,57.14285714285714
42.86,Success,2,19,13,4,4,50.0
42.86,Fail,2,14,17,4,5,38.095238095238095
42.86,Fail,2,15,16,0,9,40.476190476190474
42.86,Success,2,22,13,4,1,57.14285714285714
42.86,Success,2,25,10,1,4,64.28571428571429
42.86,Fail,2,14,16,4,6,38.095238095238095
42.86,Success,2,20,14,3,3,52.38095238095239
42.86,Fail,2,15,18,2,5,40.476190476190474
42.86,Success,2,22,14,3,1,57.14285714285714
42.86,Success,2,24,10,0,3,61.904761904761905
42.86,Success,2,20,16,1,3,52.38095238095239
42.86,Fail,2,15,16,0,6,40.476190476190474
42.86,Success,2,19,13,4,4,50.0
42.86,Success,2,24,9,3,4,61.904761904761905
42.86,Fail,2,16,16,0,5,42.857142857142854
42.86,Success,2,19,15,0,5,50.0
42.86,Success,2,18,13,2,7,47.61904761904761
42.86,Fail,2,15,14,6,5,40.476190476190474
42.86,Success,2,19,13,1,7,50.0
42.86,Fail,2,16,13,0,9,42.857142857142854
42.86,Fail,2,15,13,6,6,40.476190476190474
42.86,Success,2,17,15,0,7,45.23809523809524
42.86,Success,2,21,13,0,4,54.761904761904766
42.86,Success,2,22,12,2,4,57.14285714285714
42.86,Success,2,19,17,0,4,50.0
42.86,Success,2,19,11,3,7,50.0
42.86,Success,2,17,18,0,4,45.23809523809524
42.86,Success,2,22,15,0,2,57.14285714285714
42.86,Success,2,19,12,0,6,50.0
42.86,Success,2,17,14,0,8,45.23809523809524
42.86,Success,2,19,14,0,7,50.0
42.86,Fail,2,15,19,2,4,40.476190476190474
42.86,Success,2,21,11,1,7,54.761904761904766
42.86,Success,2,20,15,0,3,52.38095238095239
42.86,Success,2,17,18,0,3,45.23809523809524
42.86,Success,2,20,18,0,2,52.38095238095239
42.86,Success,2,18,14,3,5,47.61904761904761
42.86,Success,2,20,13,0,2,52.38095238095239
42.86,Success,2,18,16,0,6,47.61904761904761
42.86,Success,2,25,11,3,1,64.28571428571429
42.86,Success,2,23,16,0,0,59.523809523809526
42.86,Success,2,24,11,0,2,61.904761904761905
42.86,Success,2,19,15,2,4,50.0
42.86,Success,2,18,13,0,5,47.61904761904761
42.86,Success,2,19,14,2,5,50.0
42.86,Success,2,22,8,5,5,57.14285714285714
42.86,Success,2,17,17,3,3,45.23809523809524
42.86,Fail,2,15,17,0,7,40.476190476190474
42.86,Fail,2,15,13,2,10,40.476190476190474
42.86,Success,2,17,11,3,9,45.23809523809524
42.86,Success,2,21,13,3,3,54.761904761904766
42.86,Success,2,19,18,1,2,50.0
42.86,Fail,2,15,20,0,3,40.476190476190474
42.86,Success,2,19,12,1,8,50.0
42.86,Success,2,19,11,5,5,50.0
42.86,Success,2,17,14,5,4,45.23809523809524
42.86,Fail,2,12,13,0,11,33.33333333333333
42.86,Success,2,18,12,0,8,47.61904761904761
42.86,Success,2,21,12,1,6,54.761904761904766
42.86,Success,2,20,17,0,3,52.38095238095239
42.86,Success,2,17,16,0,5,45.23809523809524
42.86,Success,2,23,14,1,2,59.523809523809526
42.86,Success,2,22,11,0,5,57.14285714285714
42.86,Fail,2,16,20,0,4,42.857142857142854
42.86,Success,2,21,12,4,3,54.761904761904766
42.86,Success,2,22,9,0,3,57.14285714285714
42.86,Fail,2,16,14,0,8,42.857142857142854
42.86,Success,2,19,15,0,3,50.0
42.86,Success,2,22,11,3,4,57.14285714285714
42.86,Success,2,18,18,0,4,47.61904761904761
42.86,Success,2,20,8,0,9,52.38095238095239
42.86,Success,2,21,17,0,2,54.761904761904766
42.86,Success,2,21,14,0,5,54.761904761904766
42.86,Success,2,23,10,0,4,59.523809523809526
42.86,Success,2,18,18,0,4,47.61904761904761
42.86,Success,2,25,11,0,4,64.28571428571429
42.86,Success,2,19,12,0,8,50.0
42.86,Success,2,21,14,0,3,54.761904761904766
42.86,Success,2,18,17,0,5,47.61904761904761
42.86,Success,2,19,10,5,6,50.0
42.86,Success,2,19,8,0,3,50.0
42.86,Fail,2,16,15,0,8,42.857142857142854
42.86,Success,2,17,11,0,7,45.23809523809524
42.86,Fail,2,16,14,0,8,42.857142857142854
42.86,Success,2,18,14,0,5,47.61904761904761
42.86,Success,2,25,13,0,2,64.28571428571429
42.86,Success,2,20,13,0,5,52.38095238095239
42.86,Success,2,18,12,0,7,47.61904761904761
42.86,Fail,2,16,17,5,2,42.857142857142854
42.86,Success,2,19,13,2,6,50.0
40.48,Success,2,25,9,0,4,64.28571428571429
40.48,Success,2,17,12,1,10,45.23809523809524
40.48,Success,2,17,13,3,7,45.23809523809524
40.48,Success,2,19,13,2,6,50.0
40.48,Success,2,16,20,0,2,42.857142857142854
40.48,Success,2,22,12,2,4,57.14285714285714
40.48,Success,2,18,17,0,5,47.61904761904761
40.48,Success,2,20,16,0,3,52.38095238095239
40.48,Success,2,21,15,0,3,54.761904761904766
40.48,Success,2,21,15,0,4,54.761904761904766
40.48,Success,2,21,14,1,4,54.761904761904766
40.48,Success,2,19,16,1,4,50.0
40.48,Success,2,18,14,0,5,47.61904761904761
40.48,Success,2,21,16,0,2,54.761904761904766
40.48,Fail,2,15,15,0,7,40.476190476190474
40.48,Success,2,23,14,0,2,59.523809523809526
40.48,Success,2,17,13,0,6,45.23809523809524
40.48,Success,2,18,18,3,1,47.61904761904761
40.48,Fail,2,15,18,0,5,40.476190476190474
40.48,Success,2,19,12,0,7,50.0
40.48,Success,2,21,16,1,2,54.761904761904766
40.48,Success,2,20,11,0,7,52.38095238095239
40.48,Success,2,21,9,3,7,54.761904761904766
40.48,Success,2,22,12,0,6,57.14285714285714
40.48,Success,2,20,13,1,6,52.38095238095239
40.48,Success,2,19,15,3,3,50.0
40.48,Success,2,21,16,0,2,54.761904761904766
40.48,Success,2,16,19,1,4,42.857142857142854
40.48,Success,2,19,15,0,5,50.0
40.48,Fail,2,15,17,0,8,40.476190476190474
40.48,Success,2,16,17,0,5,42.857142857142854
40.48,Fail,2,15,14,4,7,40.476190476190474
40.48,Success,2,21,15,0,4,54.761904761904766
40.48,Success,2,19,14,0,6,50.0
40.48,Success,2,18,13,6,3,47.61904761904761
40.48,Success,2,22,12,0,4,57.14285714285714
40.48,Success,2,18,13,0,7,47.61904761904761
40.48,Success,2,22,13,1,4,57.14285714285714
40.48,Success,2,23,13,1,3,59.523809523809526
40.48,Success,2,16,15,1,8,42.857142857142854
40.48,Success,2,22,13,0,5,57.14285714285714
40.48,Success,2,17,17,0,3,45.23809523809524
40.48,Success,2,20,11,4,5,52.38095238095239
40.48,Success,2,22,17,0,1,57.14285714285714
40.48,Success,2,20,17,0,2,52.38095238095239
40.48,Fail,2,12,21,0,3,33.33333333333333
40.48,Success,2,21,7,0,6,54.761904761904766
40.48,Success,2,16,16,0,3,42.857142857142854
40.48,Success,2,18,14,0,7,47.61904761904761
40.48,Success,2,17,16,0,4,45.23809523809524
40.48,Success,2,19,14,0,7,50.0
40.48,Success,2,20,9,0,5,52.38095238095239
40.48,Success,2,22,12,3,3,57.14285714285714
40.48,Success,2,18,15,0,6,47.61904761904761
40.48,Success,2,19,12,0,5,50.0
40.48,Success,2,22,12,0,5,57.14285714285714
40.48,Success,2,19,11,2,8,50.0
40.48,Success,2,17,16,1,6,45.23809523809524
40.48,Fail,2,15,22,0,3,40.476190476190474
40.48,Success,2,19,13,3,5,50.0
40.48,Success,2,18,17,1,4,47.61904761904761
40.48,Fail,2,15,18,1,6,40.476190476190474
40.48,Success,2,26,10,0,4,66.66666666666666
40.48,Success,2,23,15,0,1,59.523809523809526
40.48,Success,2,19,13,2,6,50.0
40.48,Fail,2,15,13,0,6,40.476190476190474
40.48,Success,2,20,10,0,8,52.38095238095239
40.48,Success,2,17,16,0,4,45.23809523809524
40.48,Success,2,17,20,1,2,45.23809523809524
40.48,Fail,2,14,17,0,8,38.095238095238095
40.48,Success,2,19,17,0,4,50.0
40.48,Success,2,18,12,0,7,47.61904761904761
40.48,Success,2,17,16,0,7,45.23809523809524
40.48,Success,2,16,13,0,3,42.857142857142854
40.48,Success,2,23,15,0,2,59.523809523809526
40.48,Success,2,21,11,0,7,54.761904761904766
40.48,Success,2,20,13,0,6,52.38095238095239
40.48,Success,2,19,9,0,6,50.0
40.48,Success,2,21,14,2,3,54.761904761904766
40.48,Success,2,16,19,0,4,42.857142857142854
40.48,Success,2,19,12,0,4,50.0
40.48,Success,2,17,18,0,4,45.23809523809524
40.48,Success,2,21,15,1,3,54.761904761904766
40.48,Success,2,18,15,0,3,47.61904761904761
40.48,Success,2,16,17,0,4,42.857142857142854
40.48,Success,2,19,12,1,8,50.0
40.48,Success,2,19,15,1,5,50.0
40.48,Fail,2,14,15,1,10,38.095238095238095
40.48,Success,2,18,9,3,10,47.61904761904761
40.48,Fail,2,15,17,0,8,40.476190476190474
40.48,Success,2,20,10,3,7,52.38095238095239
40.48,Success,2,20,12,2,6,52.38095238095239
40.48,Success,2,18,18,0,1,47.61904761904761
40.48,Success,2,20,13,0,3,52.38095238095239
40.48,Success,2,18,16,2,4,47.61904761904761
40.48,Success,2,21,13,2,4,54.761904761904766
40.48,Success,2,22,16,0,2,57.14285714285714
40.48,Success,2,23,14,1,2,59.523809523809526
40.48,Success,2,21,15,0,4,54.761904761904766
40.48,Success,2,18,12,4,6,47.61904761904761
40.0,Success,1,8,6,2,3,45.0
40.0,Success,1,9,7,0,3,50.0
40.0,Success,1,7,5,0,3,40.0
40.0,Success,1,10,4,1,4,55.00000000000001
40.0,Success,1,8,6,2,3,45.0
40.0,Success,1,8,8,0,2,45.0
40.0,Success,1,9,8,0,2,50.0
40.0,Success,1,14,3,0,2,75.0
40.0,Success,1,8,6,0,5,45.0
40.0,Success,1,12,5,0,2,65.0
40.0,Success,1,7,5,0,5,40.0
40.0,Success,1,8,6,0,2,45.0
40.0,Fail,1,5,6,5,3,30.0
40.0,Success,1,8,8,1,2,45.0
40.0,Success,1,10,4,2,3,55.00000000000001
40.0,Success,1,7,9,0,3,40.0
40.0,Success,1,7,8,0,3,40.0
40.0,Success,1,8,6,3,2,45.0
40.0,Success,1,10,7,1,1,55.00000000000001
40.0,Success,1,11,4,3,1,60.0
40.0,Success,1,10,3,0,2,55.00000000000001
40.0,Success,1,7,8,0,3,40.0
40.0,Success,1,7,6,5,1,40.0
40.0,Success,1,9,7,0,2,50.0
40.0,Success,1,11,3,0,1,60.0
40.0,Success,1,7,6,0,4,40.0
40.0,Success,1,9,7,0,3,50.0
40.0,Success,1,9,8,1,1,50.0
40.0,Fail,1,6,9,0,2,35.0
40.0,Fail,1,6,7,0,2,35.0
40.0,Success,1,10,4,0,3,55.00000000000001
40.0,Success,1,7,9,2,1,40.0
40.0,Success,1,8,7,0,4,45.0
40.0,Success,1,9,5,1,4,50.0
40.0,Success,1,9,7,2,1,50.0
40.0,Success,1,10,6,2,1,55.00000000000001
40.0,Success,1,10,6,0,3,55.00000000000001
40.0,Success,1,11,5,0,0,60.0
40.0,Success,1,7,7,2,3,40.0
40.0,Fail,1,6,6,0,2,35.0
40.0,Success,1,10,4,0,3,55.00000000000001
40.0,Success,1,7,7,1,4,40.0
40.0,Success,1,8,8,0,1,45.0
40.0,Success,1,10,8,0,0,55.00000000000001
40.0,Success,1,8,8,0,2,45.0
40.0,Success,1,11,5,1,2,60.0
40.0,Success,1,7,6,4,2,40.0
40.0,Success,1,8,3,0,5,45.0
40.0,Success,1,9,6,3,1,50.0
40.0,Success,1,9,5,0,2,50.0
40.0,Success,1,9,6,0,3,50.0
40.0,Success,1,9,9,0,1,50.0
40.0,Success,1,10,6,1,2,55.00000000000001
40.0,Success,1,11,6,2,0,60.0
40.0,Success,1,8,7,1,3,45.0
40.0,Fail,1,5,6,0,4,30.0
40.0,Success,1,8,5,4,2,45.0
40.0,Success,1,11,3,0,5,60.0
40.0,Success,1,9,8,0,2,50.0
40.0,Success,1,7,6,0,2,40.0
40.0,Success,1,7,6,0,5,40.0
40.0,Success,1,10,8,0,1,55.00000000000001
40.0,Fail,1,5,7,0,3,30.0
40.0,Success,1,9,3,3,4,50.0
40.0,Success,1,7,6,0,4,40.0
40.0,Fail,1,6,8,3,2,35.0
40.0,Fail,1,6,8,0,0,35.0
40.0,Fail,1,6,7,0,1,35.0
40.0,Success,1,7,5,3,4,40.0
40.0,Success,1,7,7,0,3,40.0
40.0,Fail,1,6,6,6,1,35.0
40.0,Success,1,9,8,0,0,50.0
40.0,Success,1,9,4,0,3,50.0
40.0,Success,1,11,6,2,0,60.0
40.0,Fail,1,6,3,0,4,35.0
40.0,Success,1,8,5,0,3,45.0
40.0,Fail,1,6,7,2,4,35.0
40.0,Fail,1,6,7,5,1,35.0
40.0,Success,1,9,6,0,2,50.0
40.0,Fail,1,6,8,0,5,35.0
40.0,Success,1,7,5,0,6,40.0
40.0,Success,1,10,3,4,2,55.00000000000001
40.0,Fail,1,5,10,0,2,30.0
40.0,Success,1,7,7,0,2,40.0
40.0,Success,1,7,5,1,6,40.0
40.0,Success,1,10,6,0,1,55.00000000000001
40.0,Success,1,8,7,1,3,45.0
40.0,Success,1,7,6,0,4,40.0
40.0,Success,1,8,7,0,4,45.0
40.0,Fail,1,5,7,1,6,30.0
40.0,Fail,1,5,6,2,6,30.0
40.0,Success,1,9,8,0,0,50.0
40.0,Success,1,10,6,1,2,55.00000000000001
40.0,Success,1,9,4,2,4,50.0
40.0,Success,1,10,9,0,0,55.00000000000001
40.0,Success,1,7,9,1,2,40.0
40.0,Success,1,7,8,2,2,40.0
40.0,Success,1,9,4,0,3,50.0
40.0,Success,1,13,6,0,0,70.0
40.0,Success,1,8,6,0,2,45.0
35.0,Success,1,9,4,0,4,50.0
35.0,Success,1,9,3,3,4,50.0
35.0,Success,1,12,4,0,3,65.0
35.0,Success,1,6,6,0,3,35.0
35.0,Success,1,9,7,0,2,50.0
35.0,Success,1,10,8,0,0,55.00000000000001
35.0,Success,1,10,6,1,2,55.00000000000001
35.0,Fail,1,5,7,5,2,30.0
35.0,Fail,1,3,8,0,2,20.0
35.0,Success,1,10,7,1,1,55.00000000000001
35.0,Success,1,12,5,0,2,65.0
35.0,Success,1,10,4,0,0,55.00000000000001
35.0,Success,1,8,9,0,1,45.0
35.0,Success,1,9,9,0,1,50.0
35.0,Success,1,9,7,0,1,50.0
35.0,Success,1,7,7,0,5,40.0
35.0,Success,1,8,5,3,3,45.0
35.0,Success,1,9,7,0,0,50.0
35.0,Success,1,6,8,3,2,35.0
35.0,Success,1,10,4,0,4,55.00000000000001
35.0,Success,1,7,7,3,2,40.0
35.0,Success,1,7,9,1,2,40.0
35.0,Success,1,8,8,0,2,45.0
35.0,Success,1,9,5,0,4,50.0
35.0,Success,1,11,6,0,1,60.0
35.0,Success,1,6,8,0,4,35.0
35.0,Fail,1,5,9,3,2,30.0
35.0,Success,1,11,5,2,1,60.0
35.0,Success,1,10,7,1,1,55.00000000000001
35.0,Success,1,10,6,1,2,55.00000000000001
35.0,Success,1,8,6,0,3,45.0
35.0,Fail,1,5,7,0,3,30.0
35.0,Success,1,8,6,0,4,45.0
35.0,Success,1,9,5,0,3,50.0
35.0,Success,1,11,4,4,0,60.0
35.0,Success,1,8,4,5,2,45.0
35.0,Success,1,10,3,0,4,55.00000000000001
35.0,Success,1,8,5,1,5,45.0
35.0,Success,1,7,6,0,4,40.0
35.0,Success,1,10,4,0,4,55.00000000000001
35.0,Success,1,9,6,2,2,50.0
35.0,Success,1,10,6,1,2,55.00000000000001
35.0,Success,1,9,10,0,0,50.0
35.0,Success,1,8,4,4,3,45.0
35.0,Success,1,8,5,0,3,45.0
35.0,Success,1,12,5,0,1,65.0
35.0,Success,1,9,4,0,1,50.0
35.0,Fail,1,4,9,3,3,25.0
35.0,Success,1,8,6,0,3,45.0
35.0,Success,1,9,8,1,1,50.0
35.0,Success,1,9,6,0,3,50.0
35.0,Success,1,11,5,1,2,60.0
35.0,Success,1,8,6,0,3,45.0
35.0,Success,1,7,5,5,2,40.0
35.0,Success,1,8,7,0,1,45.0
35.0,Success,1,11,7,0,1,60.0
35.0,Success,1,11,6,0,2,60.0
35.0,Success,1,10,7,0,2,55.00000000000001
35.0,Success,1,6,7,2,4,35.0
35.0,Success,1,10,5,0,1,55.00000000000001
35.0,Success,1,9,9,0,1,50.0
35.0,Success,1,7,10,0,2,40.0
35.0,Success,1,11,2,0,5,60.0
35.0,Success,1,12,7,0,0,65.0
35.0,Success,1,9,8,0,1,50.0
35.0,Success,1,8,4,5,2,45.0
35.0,Success,1,8,8,0,2,45.0
35.0,Success,1,11,5,0,3,60.0
35.0,Success,1,8,5,3,3,45.0
35.0,Success,1,9,5,2,3,50.0
35.0,Fail,1,5,7,0,4,30.0
35.0,Success,1,7,7,1,4,40.0
35.0,Success,1,9,6,1,3,50.0
35.0,Success,1,11,4,0,3,60.0
35.0,Success,1,6,4,0,4,35.0
35.0,Success,1,11,5,0,3,60.0
35.0,Success,1,9,8,0,2,50.0
35.0,Success,1,10,2,0,2,55.00000000000001
35.0,Success,1,7,8,0,2,40.0
35.0,Success,1,8,7,0,3,45.0
35.0,Success,1,8,6,1,4,45.0
35.0,Success,1,10,5,0,3,55.00000000000001
35.0,Success,1,6,9,1,3,35.0
35.0,Success,1,8,7,0,2,45.0
35.0,Success,1,11,3,0,4,60.0
35.0,Success,1,6,7,0,4,35.0
35.0,Success,1,8,5,1,5,45.0
35.0,Success,1,9,6,0,2,50.0
35.0,Success,1,10,1,0,4,55.00000000000001
35.0,Success,1,8,7,1,3,45.0
35.0,Success,1,10,6,0,2,55.00000000000001
35.0,Success,1,7,7,0,5,40.0
35.0,Success,1,8,3,0,6,45.0
35.0,Success,1,11,5,0,1,60.0
35.0,Success,1,13,5,0,0,70.0
35.0,Success,1,10,8,0,1,55.00000000000001
35.0,Success,1,9,9,0,1,50.0
35.0,Success,1,8,4,0,3,45.0
35.0,Success,1,11,6,0,2,60.0
35.0,Success,1,7,5,0,6,40.0
20.0,Success,1,5,10,0,2,30.0
20.0,Success,1,7,7,0,5,40.0
20.0,Success,1,10,6,1,2,55.00000000000001
20.0,Success,1,7,7,1,4,40.0
20.0,Success,1,8,7,2,2,45.0
20.0,Success,1,6,8,2,3,35.0
20.0,Success,1,5,4,4,6,30.0
20.0,Success,1,9,7,0,3,50.0
20.0,Success,1,6,6,2,5,35.0
20.0,Success,1,10,4,0,2,55.00000000000001
20.0,Success,1,10,5,0,3,55.00000000000001
20.0,Success,1,6,7,3,3,35.0
20.0,Success,1,4,8,0,5,25.0
20.0,Success,1,9,6,0,4,50.0
20.0,Success,1,11,4,2,2,60.0
20.0,Success,1,11,5,1,2,60.0
20.0,Success,1,10,7,0,1,55.00000000000001
20.0,Success,1,8,8,1,2,45.0
20.0,Success,1,9,7,3,0,50.0
20.0,Success,1,7,4,3,5,40.0
20.0,Success,1,11,3,0,4,60.0
20.0,Success,1,8,7,1,3,45.0
20.0,Success,1,8,9,0,1,45.0
20.0,Success,1,8,5,0,3,45.0
20.0,Success,1,11,3,2,3,60.0
20.0,Success,1,8,6,1,4,45.0
20.0,Success,1,8,8,0,1,45.0
20.0,Success,1,11,8,0,0,60.0
20.0,Success,1,10,5,0,0,55.00000000000001
20.0,Success,1,10,8,0,1,55.00000000000001
20.0,Success,1,9,3,0,5,50.0
20.0,Success,1,11,6,1,1,60.0
20.0,Success,1,8,8,0,2,45.0
20.0,Success,1,7,9,0,2,40.0
20.0,Success,1,9,8,0,0,50.0
20.0,Success,1,10,5,1,3,55.00000000000001
20.0,Success,1,7,5,0,2,40.0
20.0,Success,1,12,3,0,2,65.0
20.0,Success,1,5,5,0,5,30.0
20.0,Success,1,11,6,0,1,60.0
20.0,Success,1,11,6,2,0,60.0
20.0,Success,1,6,7,0,3,35.0
20.0,Success,1,7,10,2,0,40.0
20.0,Success,1,5,9,3,2,30.0
20.0,Success,1,7,9,2,1,40.0
20.0,Success,1,10,3,0,4,55.00000000000001
20.0,Success,1,10,4,2,3,55.00000000000001
20.0,Success,1,11,6,0,2,60.0
20.0,Success,1,9,8,0,1,50.0
20.0,Success,1,8,8,1,2,45.0
20.0,Success,1,7,8,2,2,40.0
20.0,Success,1,9,6,0,4,50.0
20.0,Success,1,6,8,0,4,35.0
20.0,Success,1,11,6,0,2,60.0
20.0,Success,1,9,7,1,2,50.0
20.0,Success,1,7,5,2,5,40.0
20.0,Success,1,10,6,0,2,55.00000000000001
20.0,Success,1,11,4,0,3,60.0
20.0,Success,1,10,6,0,1,55.00000000000001
20.0,Success,1,10,3,0,4,55.00000000000001
20.0,Success,1,9,5,0,2,50.0
20.0,Success,1,8,8,1,2,45.0
20.0,Success,1,9,6,0,2,50.0
20.0,Success,1,10,7,0,2,55.00000000000001
20.0,Success,1,7,7,2,3,40.0
20.0,Success,1,7,7,3,2,40.0
20.0,Success,1,7,11,0,1,40.0
20.0,Success,1,9,8,0,1,50.0
20.0,Success,1,7,10,1,1,40.0
20.0,Success,1,9,8,0,2,50.0
20.0,Success,1,7,6,3,3,40.0
20.0,Success,1,8,5,0,4,45.0
20.0,Success,1,9,7,0,1,50.0
20.0,Success,1,5,8,0,2,30.0
20.0,Success,1,8,10,0,0,45.0
20.0,Success,1,10,5,1,3,55.00000000000001
20.0,Success,1,8,7,0,2,45.0
20.0,Success,1,8,7,0,1,45.0
20.0,Success,1,8,8,0,3,45.0
20.0,Success,1,10,5,0,4,55.00000000000001
20.0,Success,1,10,6,1,2,55.00000000000001
20.0,Success,1,10,7,0,1,55.00000000000001
20.0,Success,1,12,4,0,3,65.0
20.0,Success,1,8,10,0,1,45.0
20.0,Success,1,10,4,3,2,55.00000000000001
20.0,Success,1,12,6,0,1,65.0
20.0,Success,1,9,7,0,1,50.0
20.0,Success,1,9,3,0,7,50.0
20.0,Success,1,12,5,0,0,65.0
20.0,Success,1,13,4,0,0,70.0
20.0,Success,1,9,6,0,2,50.0
20.0,Success,1,9,5,5,0,50.0
20.0,Success,1,7,3,0,3,40.0
20.0,Success,1,7,10,1,1,40.0
20.0,Success,1,11,4,1,3,60.0
20.0,Success,1,6,9,0,4,35.0
20.0,Success,1,9,8,0,2,50.0
20.0,Success,1,12,6,1,0,65.0
20.0,Success,1,11,6,1,1,60.0
20.0,Success,1,9,8,0,2,50.0
30.0,Success,1,8,4,2,5,45.0
30.0,Success,1,9,7,1,2,50.0
30.0,Success,1,14,3,0,1,75.0
30.0,Success,1,6,9,3,1,35.0
30.0,Success,1,9,7,1,2,50.0
30.0,Success,1,9,8,0,1,50.0
30.0,Success,1,7,9,1,2,40.0
30.0,Success,1,11,5,1,2,60.0
30.0,Success,1,9,6,4,0,50.0
30.0,Success,1,7,6,4,2,40.0
30.0,Success,1,8,6,0,2,45.0
30.0,Success,1,9,5,3,2,50.0
30.0,Success,1,13,5,0,1,70.0
30.0,Success,1,10,5,1,3,55.00000000000001
30.0,Success,1,9,4,1,5,50.0
30.0,Success,1,10,2,2,5,55.00000000000001
30.0,Success,1,6,10,1,2,35.0
30.0,Success,1,6,6,0,3,35.0
30.0,Success,1,11,7,0,1,60.0
30.0,Success,1,10,5,2,2,55.00000000000001
30.0,Success,1,9,6,0,2,50.0
30.0,Success,1,9,7,0,3,50.0
30.0,Success,1,9,4,4,2,50.0
30.0,Success,1,7,6,0,6,40.0
30.0,Success,1,6,8,0,3,35.0
30.0,Success,1,9,5,0,4,50.0
30.0,Success,1,8,9,0,1,45.0
30.0,Success,1,5,9,0,3,30.0
30.0,Success,1,11,4,0,1,60.0
30.0,Success,1,10,4,1,4,55.00000000000001
30.0,Success,1,11,6,0,1,60.0
30.0,Success,1,8,8,0,3,45.0
30.0,Success,1,9,6,0,3,50.0
30.0,Success,1,9,8,1,1,50.0
30.0,Success,1,10,5,0,4,55.00000000000001
30.0,Success,1,11,4,1,3,60.0
30.0,Success,1,10,3,0,4,55.00000000000001
30.0,Success,1,13,2,0,2,70.0
30.0,Success,1,8,7,1,3,45.0
30.0,Success,1,9,5,0,3,50.0
30.0,Success,1,8,8,3,0,45.0
30.0,Success,1,11,4,0,2,60.0
30.0,Success,1,8,5,2,4,45.0
30.0,Success,1,6,8,0,3,35.0
30.0,Success,1,10,7,0,2,55.00000000000001
30.0,Success,1,11,6,1,1,60.0
30.0,Success,1,8,6,3,2,45.0
30.0,Success,1,9,7,1,2,50.0
30.0,Success,1,10,6,1,2,55.00000000000001
30.0,Success,1,5,8,2,4,30.0
30.0,Success,1,7,6,0,2,40.0
30.0,Success,1,6,8,3,2,35.0
30.0,Success,1,5,10,1,3,30.0
30.0,Success,1,12,6,0,1,65.0
30.0,Success,1,11,4,2,2,60.0
30.0,Success,1,11,4,1,3,60.0
30.0,Success,1,11,4,0,2,60.0
30.0,Success,1,9,5,2,3,50.0
30.0,Success,1,5,4,6,4,30.0
30.0,Success,1,11,6,0,2,60.0
30.0,Success,1,6,7,1,5,35.0
30.0,Success,1,10,5,0,4,55.00000000000001
30.0,Success,1,5,9,0,2,30.0
30.0,Success,1,11,6,1,1,60.0
30.0,Fail,1,4,10,0,4,25.0
30.0,Success,1,8,6,2,3,45.0
30.0,Success,1,7,6,0,3,40.0
30.0,Success,1,5,6,3,5,30.0
30.0,Success,1,6,8,0,3,35.0
30.0,Success,1,12,2,0,2,65.0
30.0,Success,1,9,5,3,2,50.0
30.0,Success,1,8,9,0,2,45.0
30.0,Success,1,10,5,0,1,55.00000000000001
30.0,Success,1,10,4,2,3,55.00000000000001
30.0,Success,1,11,6,0,1,60.0
30.0,Success,1,6,12,0,0,35.0
30.0,Success,1,9,6,3,1,50.0
30.0,Success,1,8,7,0,3,45.0
30.0,Success,1,12,4,0,2,65.0
30.0,Success,1,7,10,1,1,40.0
30.0,Success,1,11,6,2,0,60.0
30.0,Success,1,7,7,0,5,40.0
30.0,Success,1,11,6,0,2,60.0
30.0,Success,1,10,7,1,1,55.00000000000001
30.0,Success,1,9,4,0,3,50.0
30.0,Success,1,8,4,3,4,45.0
30.0,Fail,1,4,6,0,5,25.0
30.0,Success,1,13,4,0,2,70.0
30.0,Success,1,8,4,2,5,45.0
30.0,Success,1,8,7,2,2,45.0
30.0,Success,1,7,11,0,1,40.0
30.0,Success,1,8,9,0,0,45.0
30.0,Success,1,10,3,3,3,55.00000000000001
30.0,Success,1,7,10,0,1,40.0
30.0,Success,1,7,8,0,1,40.0
30.0,Success,1,10,7,1,1,55.00000000000001
30.0,Success,1,10,4,3,2,55.00000000000001
30.0,Success,1,8,4,3,4,45.0
30.0,Success,1,10,7,0,1,55.00000000000001
30.0,Success,1,11,6,0,2,60.0
40.0,Success,1,10,5,1,3,55.00000000000001
40.0,Success,1,9,7,0,2,50.0
40.0,Success,1,10,3,0,4,55.00000000000001
40.0,Success,1,8,6,0,2,45.0
40.0,Success,1,8,6,1,4,45.0
40.0,Success,1,10,4,0,2,55.00000000000001
40.0,Fail,1,5,5,5,4,30.0
40.0,Success,1,8,4,3,4,45.0
40.0,Success,1,7,6,0,4,40.0
40.0,Success,1,9,8,0,1,50.0
40.0,Success,1,8,3,0,5,45.0
40.0,Success,1,7,8,0,1,40.0
40.0,Fail,1,6,7,0,4,35.0
40.0,Success,1,8,9,0,1,45.0
40.0,Success,1,9,6,0,4,50.0
40.0,Fail,1,6,7,0,4,35.0
40.0,Success,1,8,8,0,2,45.0
40.0,Success,1,8,5,0,3,45.0
40.0,Success,1,10,5,2,2,55.00000000000001
40.0,Success,1,8,7,2,2,45.0
40.0,Success,1,9,3,0,4,50.0
40.0,Success,1,10,6,0,3,55.00000000000001
40.0,Success,1,8,6,0,4,45.0
40.0,Success,1,7,9,0,1,40.0
40.0,Success,1,8,9,0,0,45.0
40.0,Success,1,9,9,0,0,50.0
40.0,Fail,1,6,6,0,4,35.0
40.0,Success,1,13,3,2,1,70.0
40.0,Success,1,13,3,0,3,70.0
40.0,Success,1,9,4,2,4,50.0
40.0,Success,1,7,8,0,1,40.0
40.0,Success,1,12,3,0,3,65.0
40.0,Success,1,7,7,1,4,40.0
40.0,Fail,1,5,10,2,2,30.0
40.0,Success,1,9,5,2,3,50.0
40.0,Success,1,8,7,0,4,45.0
40.0,Success,1,12,6,1,0,65.0
40.0,Success,1,7,10,1,1,40.0
40.0,Success,1,9,4,2,4,50.0
40.0,Fail,1,5,8,3,3,30.0
40.0,Success,1,9,6,0,3,50.0
40.0,Success,1,8,8,1,2,45.0
40.0,Success,1,9,8,0,2,50.0
40.0,Success,1,9,5,2,3,50.0
40.0,Success,1,11,5,0,1,60.0
40.0,Success,1,7,9,0,2,40.0
40.0,Success,1,8,8,1,2,45.0
40.0,Success,1,7,7,1,4,40.0
40.0,Success,1,7,5,0,4,40.0
40.0,Success,1,11,6,0,2,60.0
40.0,Fail,1,6,6,0,1,35.0
40.0,Success,1,9,7,0,2,50.0
40.0,Success,1,12,5,0,1,65.0
40.0,Success,1,9,7,1,2,50.0
40.0,Fail,1,6,5,3,5,35.0
40.0,Success,1,7,11,1,0,40.0
40.0,Success,1,10,8,0,1,55.00000000000001
40.0,Success,1,8,6,1,4,45.0
40.0,Success,1,7,8,0,3,40.0
40.0,Success,1,10,7,0,1,55.00000000000001
40.0,Success,1,9,6,1,3,50.0
40.0,Success,1,7,7,2,3,40.0
40.0,Success,1,8,4,5,2,45.0
40.0,Success,1,9,4,0,4,50.0
40.0,Success,1,7,8,1,3,40.0
40.0,Success,1,11,5,0,3,60.0
40.0,Success,1,10,4,2,3,55.00000000000001
40.0,Success,1,12,6,0,0,65.0
40.0,Success,1,8,6,2,3,45.0
40.0,Success,1,10,3,1,5,55.00000000000001
40.0,Success,1,10,5,0,2,55.00000000000001
40.0,Success,1,7,7,0,4,40.0
40.0,Success,1,9,8,0,2,50.0
40.0,Success,1,12,4,0,2,65.0
40.0,Success,1,9,9,0,1,50.0
40.0,Success,1,11,6,0,1,60.0
40.0,Success,1,9,8,0,1,50.0
40.0,Fail,1,6,11,2,0,35.0
40.0,Success,1,8,8,0,2,45.0
40.0,Success,1,9,8,0,0,50.0
40.0,Success,1,12,3,0,2,65.0
40.0,Success,1,10,3,2,4,55.00000000000001
40.0,Success,1,7,3,8,1,40.0
40.0,Success,1,7,4,3,5,40.0
40.0,Success,1,8,9,1,1,45.0
40.0,Success,1,10,5,2,2,55.00000000000001
40.0,Success,1,9,5,2,3,50.0
40.0,Success,1,11,5,2,1,60.0
40.0,Success,1,8,8,0,2,45.0
40.0,Success,1,7,8,0,3,40.0
40.0,Success,1,7,6,2,4,40.0
40.0,Fail,1,5,7,0,3,30.0
40.0,Success,1,9,2,0,4,50.0
40.0,Success,1,8,10,0,1,45.0
40.0,Success,1,9,4,1,5,50.0
40.0,Success,1,9,6,1,3,50.0
40.0,Success,1,9,5,0,3,50.0
40.0,Success,1,7,6,0,5,40.0
40.0,Success,1,8,8,0,3,45.0
40.0,Success,1,8,6,1,4,45.0
30.0,Fail,1,3,8,0,3,20.0
30.0,Success,1,11,4,0,2,60.0
30.0,Success,1,10,8,0,1,55.00000000000001
30.0,Success,1,11,6,0,1,60.0
30.0,Success,1,10,8,0,0,55.00000000000001
30.0,Success,1,9,9,1,0,50.0
30.0,Success,1,11,7,1,0,60.0
30.0,Success,1,10,4,0,3,55.00000000000001
30.0,Success,1,9,5,1,4,50.0
30.0,Success,1,11,5,2,1,60.0
30.0,Success,1,11,5,1,2,60.0
30.0,Success,1,6,8,2,3,35.0
30.0,Success,1,8,9,0,1,45.0
30.0,Success,1,11,7,0,1,60.0
30.0,Success,1,10,5,1,3,55.00000000000001
30.0,Success,1,9,7,1,2,50.0
30.0,Success,1,8,6,0,1,45.0
30.0,Success,1,10,5,0,2,55.00000000000001
30.0,Success,1,10,3,0,4,55.00000000000001
30.0,Success,1,9,5,0,2,50.0
30.0,Success,1,7,7,0,3,40.0
30.0,Success,1,10,4,4,1,55.00000000000001
30.0,Success,1,8,11,0,0,45.0
30.0,Success,1,9,7,0,3,50.0
30.0,Success,1,8,6,2,3,45.0
30.0,Success,1,11,7,0,1,60.0
30.0,Success,1,8,10,0,0,45.0
30.0,Success,1,8,4,2,5,45.0
30.0,Success,1,9,9,0,1,50.0
30.0,Success,1,11,7,0,1,60.0
30.0,Success,1,5,10,1,3,30.0
30.0,Success,1,8,5,3,3,45.0
30.0,Success,1,8,9,0,2,45.0
30.0,Success,1,9,5,1,4,50.0
30.0,Success,1,10,7,0,1,55.00000000000001
30.0,Success,1,8,6,0,2,45.0
30.0,Success,1,10,5,0,3,55.00000000000001
30.0,Success,1,10,5,3,1,55.00000000000001
30.0,Success,1,6,6,0,4,35.0
30.0,Success,1,10,5,0,4,55.00000000000001
30.0,Success,1,9,8,2,0,50.0
30.0,Success,1,9,5,0,4,50.0
30.0,Success,1,10,7,0,0,55.00000000000001
30.0,Success,1,10,5,0,0,55.00000000000001
30.0,Success,1,7,7,4,1,40.0
30.0,Success,1,11,6,0,0,60.0
30.0,Success,1,8,6,0,5,45.0
30.0,Success,1,10,5,0,4,55.00000000000001
30.0,Success,1,8,7,2,2,45.0
30.0,Success,1,8,5,0,4,45.0
30.0,Success,1,5,10,0,2,30.0
30.0,Success,1,9,5,0,2,50.0
30.0,Success,1,9,6,0,1,50.0
30.0,Success,1,8,8,0,3,45.0
30.0,Success,1,11,3,0,4,60.0
30.0,Success,1,10,2,3,4,55.00000000000001
30.0,Success,1,5,9,2,3,30.0
30.0,Success,1,8,6,2,3,45.0
30.0,Success,1,12,5,1,1,65.0
30.0,Success,1,12,5,0,0,65.0
30.0,Success,1,7,6,1,5,40.0
30.0,Success,1,12,4,0,3,65.0
30.0,Success,1,9,3,0,5,50.0
30.0,Success,1,7,3,4,5,40.0
30.0,Success,1,8,8,0,3,45.0
30.0,Success,1,7,11,0,0,40.0
30.0,Success,1,10,3,3,3,55.00000000000001
30.0,Success,1,8,9,0,2,45.0
30.0,Success,1,12,5,0,0,65.0
30.0,Success,1,6,7,3,3,35.0
30.0,Success,1,11,4,2,2,60.0
30.0,Success,1,8,5,5,1,45.0
30.0,Success,1,9,7,0,3,50.0
30.0,Success,1,12,7,0,0,65.0
30.0,Success,1,7,5,3,4,40.0
30.0,Success,1,6,6,0,3,35.0
30.0,Success,1,12,3,3,1,65.0
30.0,Success,1,7,9,0,0,40.0
30.0,Success,1,6,8,0,5,35.0
30.0,Success,1,7,8,0,4,40.0
30.0,Success,1,7,8,0,0,40.0
30.0,Success,1,7,6,2,4,40.0
30.0,Success,1,7,6,1,5,40.0
30.0,Success,1,7,7,0,3,40.0
30.0,Success,1,11,4,0,1,60.0
30.0,Success,1,8,7,0,2,45.0
30.0,Success,1,12,5,0,1,65.0
30.0,Success,1,5,6,6,2,30.0
30.0,Success,1,10,5,0,2,55.00000000000001
30.0,Success,1,13,3,0,3,70.0
30.0,Success,1,9,5,3,2,50.0
30.0,Success,1,6,6,3,4,35.0
30.0,Success,1,6,5,4,4,35.0
30.0,Success,1,10,7,0,2,55.00000000000001
30.0,Success,1,12,5,1,1,65.0
30.0,Success,1,7,5,0,4,40.0
30.0,Success,1,9,6,2,2,50.0
30.0,Success,1,10,4,0,2,55.00000000000001
30.0,Success,1,9,6,0,3,50.0
30.0,Success,1,8,7,1,3,45.0
27.779999999999998,Success,1,9,5,1,2,55.55555555555556
27.779999999999998,Success,1,8,5,1,3,50.0
27.779999999999998,Success,1,8,8,0,1,50.0
27.779999999999998,Success,1,7,7,0,0,44.44444444444444
27.779999999999998,Fail,1,4,5,5,3,27.77777777777778
27.779999999999998,Success,1,9,6,0,1,55.55555555555556
27.779999999999998,Success,1,7,7,2,1,44.44444444444444
27.779999999999998,Success,1,10,5,0,2,61.111111111111114
27.779999999999998,Success,1,9,5,0,3,55.55555555555556
27.779999999999998,Success,1,12,2,0,2,72.22222222222221
27.779999999999998,Success,1,5,6,1,5,33.33333333333333
27.779999999999998,Success,1,7,5,2,3,44.44444444444444
27.779999999999998,Success,1,5,6,0,5,33.33333333333333
27.779999999999998,Success,1,8,7,1,1,50.0
27.779999999999998,Success,1,7,5,1,4,44.44444444444444
27.779999999999998,Success,1,9,6,0,2,55.55555555555556
27.779999999999998,Success,1,7,7,2,1,44.44444444444444
27.779999999999998,Success,1,8,5,0,3,50.0
27.779999999999998,Success,1,10,5,0,2,61.111111111111114
27.779999999999998,Success,1,6,8,2,1,38.88888888888889
27.779999999999998,Success,1,8,6,0,2,50.0
27.779999999999998,Success,1,10,3,1,3,61.111111111111114
27.779999999999998,Success,1,6,7,0,4,38.88888888888889
27.779999999999998,Success,1,6,3,0,4,38.88888888888889
27.779999999999998,Success,1,6,8,0,0,38.88888888888889
27.779999999999998,Success,1,9,7,1,0,55.55555555555556
27.779999999999998,Success,1,9,6,1,1,55.55555555555556
27.779999999999998,Success,1,5,4,0,3,33.33333333333333
27.779999999999998,Success,1,6,7,0,2,38.88888888888889
27.779999999999998,Success,1,6,7,0,2,38.88888888888889
27.779999999999998,Success,1,7,6,0,3,44.44444444444444
27.779999999999998,Success,1,10,6,0,1,61.111111111111114
27.779999999999998,Success,1,6,5,0,3,38.88888888888889
27.779999999999998,Success,1,7,6,1,3,44.44444444444444
27.779999999999998,Success,1,7,7,1,2,44.44444444444444
27.779999999999998,Success,1,6,7,0,2,38.88888888888889
27.779999999999998,Success,1,9,4,0,3,55.55555555555556
27.779999999999998,Success,1,11,4,1,1,66.66666666666666
27.779999999999998,Success,1,7,5,3,2,44.44444444444444
27.779999999999998,Success,1,7,6,0,2,44.44444444444444
27.779999999999998,Success,1,11,6,0,0,66.66666666666666
27.779999999999998,Success,1,9,3,2,3,55.55555555555556
27.779999999999998,Success,1,9,4,2,2,55.55555555555556
27.779999999999998,Success,1,8,6,1,2,50.0
27.779999999999998,Success,1,10,5,0,1,61.111111111111114
27.779999999999998,Success,1,7,4,0,4,44.44444444444444
27.779999999999998,Success,1,10,7,0,0,61.111111111111114
27.779999999999998,Success,1,9,5,2,1,55.55555555555556
27.779999999999998,Success,1,10,2,3,2,61.111111111111114
27.779999999999998,Success,1,11,4,1,1,66.66666666666666
27.779999999999998,Success,1,8,7,1,1,50.0
27.779999999999998,Success,1,8,9,0,0,50.0
27.779999999999998,Success,1,11,5,0,0,66.66666666666666
27.779999999999998,Success,1,7,6,3,1,44.44444444444444
27.779999999999998,Success,1,7,6,2,2,44.44444444444444
27.779999999999998,Success,1,10,3,2,2,61.111111111111114
27.779999999999998,Success,1,6,8,0,2,38.88888888888889
27.779999999999998,Success,1,5,9,2,1,33.33333333333333
27.779999999999998,Success,1,7,5,3,2,44.44444444444444
27.779999999999998,Success,1,9,5,2,1,55.55555555555556
27.779999999999998,Success,1,9,4,0,1,55.55555555555556
27.779999999999998,Success,1,7,3,0,4,44.44444444444444
27.779999999999998,Success,1,9,5,1,2,55.55555555555556
27.779999999999998,Fail,1,4,9,2,2,27.77777777777778
27.779999999999998,Success,1,10,3,4,0,61.111111111111114
27.779999999999998,Success,1,8,7,1,1,50.0
27.779999999999998,Success,1,6,5,3,3,38.88888888888889
27.779999999999998,Success,1,9,6,1,1,55.55555555555556
27.779999999999998,Success,1,8,8,0,0,50.0
27.779999999999998,Success,1,10,5,0,2,61.111111111111114
27.779999999999998,Success,1,8,8,0,1,50.0
27.779999999999998,Success,1,6,8,0,3,38.88888888888889
27.779999999999998,Success,1,9,4,0,1,55.55555555555556
27.779999999999998,Success,1,6,9,0,2,38.88888888888889
27.779999999999998,Success,1,5,11,0,1,33.33333333333333
27.779999999999998,Success,1,8,5,0,2,50.0
27.779999999999998,Success,1,7,5,0,2,44.44444444444444
27.779999999999998,Success,1,7,3,2,5,44.44444444444444
27.779999999999998,Success,1,8,5,0,0,50.0
27.779999999999998,Success,1,10,3,1,3,61.111111111111114
27.779999999999998,Success,1,8,7,0,1,50.0
27.779999999999998,Success,1,8,5,1,3,50.0
27.779999999999998,Success,1,7,7,0,2,44.44444444444444
27.779999999999998,Success,1,10,4,0,2,61.111111111111114
27.779999999999998,Fail,1,3,7,3,4,22.22222222222222
27.779999999999998,Success,1,6,4,0,7,38.88888888888889
27.779999999999998,Success,1,7,7,1,2,44.44444444444444
27.779999999999998,Success,1,7,7,0,3,44.44444444444444
27.779999999999998,Success,1,11,3,2,1,66.66666666666666
27.779999999999998,Success,1,12,3,0,2,72.22222222222221
27.779999999999998,Fail,1,4,5,2,6,27.77777777777778
27.779999999999998,Success,1,8,3,0,4,50.0
27.779999999999998,Fail,1,4,9,2,2,27.77777777777778
27.779999999999998,Success,1,6,5,1,5,38.88888888888889
27.779999999999998,Success,1,11,5,0,1,66.66666666666666
27.779999999999998,Fail,1,4,5,5,3,27.77777777777778
27.779999999999998,Success,1,6,3,3,5,38.88888888888889
27.779999999999998,Success,1,11,4,0,0,66.66666666666666
27.779999999999998,Success,1,9,4,0,2,55.55555555555556
27.779999999999998,Success,1,7,8,0,1,44.44444444444444
33.33,Success,1,9,6,0,2,55.55555555555556
33.33,Fail,1,4,9,1,3,27.77777777777778
33.33,Success,1,8,3,1,5,50.0
33.33,Success,1,6,10,0,1,38.88888888888889
33.33,Success,1,7,9,0,0,44.44444444444444
33.33,Success,1,5,6,0,3,33.33333333333333
33.33,Success,1,9,4,0,2,55.55555555555556
33.33,Success,1,9,4,0,4,55.55555555555556
33.33,Success,1,7,5,0,1,44.44444444444444
33.33,Success,1,5,4,0,2,33.33333333333333
33.33,Success,1,7,8,1,1,44.44444444444444
33.33,Success,1,7,7,0,3,44.44444444444444
33.33,Success,1,5,7,0,3,33.33333333333333
33.33,Success,1,8,8,0,1,50.0
33.33,Success,1,7,5,2,3,44.44444444444444
33.33,Success,1,6,9,0,2,38.88888888888889
33.33,Success,1,5,9,0,2,33.33333333333333
33.33,Success,1,9,7,0,1,55.55555555555556
33.33,Success,1,8,6,0,3,50.0
33.33,Success,1,7,6,2,2,44.44444444444444
33.33,Success,1,9,5,1,2,55.55555555555556
33.33,Success,1,10,3,0,0,61.111111111111114
33.33,Success,1,6,5,2,4,38.88888888888889
33.33,Success,1,7,6,1,3,44.44444444444444
33.33,Success,1,5,8,2,2,33.33333333333333
33.33,Success,1,7,10,0,0,44.44444444444444
33.33,Success,1,7,7,0,2,44.44444444444444
33.33,Success,1,12,4,0,1,72.22222222222221
33.33,Success,1,7,9,1,0,44.44444444444444
33.33,Success,1,8,4,0,1,50.0
33.33,Success,1,7,6,3,1,44.44444444444444
33.33,Success,1,9,7,0,0,55.55555555555556
33.33,Success,1,6,6,1,4,38.88888888888889
33.33,Success,1,7,7,0,2,44.44444444444444
33.33,Success,1,7,8,1,1,44.44444444444444
33.33,Success,1,6,8,0,2,38.88888888888889
33.33,Success,1,11,5,0,1,66.66666666666666
33.33,Success,1,10,7,0,0,61.111111111111114
33.33,Success,1,11,6,0,0,66.66666666666666
33.33,Success,1,6,3,0,7,38.88888888888889
33.33,Success,1,6,6,0,4,38.88888888888889
33.33,Success,1,7,6,1,3,44.44444444444444
33.33,Success,1,7,5,4,1,44.44444444444444
33.33,Success,1,10,5,0,2,61.111111111111114
33.33,Success,1,9,3,1,4,55.55555555555556
33.33,Success,1,13,2,0,1,77.77777777777779
33.33,Success,1,10,5,1,1,61.111111111111114
33.33,Success,1,7,6,0,2,44.44444444444444
33.33,Success,1,9,6,0,1,55.55555555555556
33.33,Success,1,7,5,1,4,44.44444444444444
33.33,Success,1,5,5,2,5,33.33333333333333
33.33,Success,1,10,4,2,1,61.111111111111114
33.33,Success,1,7,4,1,5,44.44444444444444
33.33,Success,1,6,5,0,3,38.88888888888889
33.33,Success,1,11,2,0,1,66.66666666666666
33.33,Success,1,8,6,0,2,50.0
33.33,Success,1,11,5,0,1,66.66666666666666
33.33,Success,1,6,8,0,2,38.88888888888889
33.33,Success,1,11,4,1,1,66.66666666666666
33.33,Success,1,10,5,0,2,61.111111111111114
33.33,Success,1,6,5,4,2,38.88888888888889
33.33,Success,1,8,6,1,2,50.0
33.33,Success,1,8,6,0,3,50.0
33.33,Success,1,6,7,1,3,38.88888888888889
33.33,Success,1,8,8,0,1,50.0
33.33,Success,1,9,3,2,3,55.55555555555556
33.33,Success,1,7,6,1,3,44.44444444444444
33.33,Success,1,9,4,2,2,55.55555555555556
33.33,Success,1,7,6,1,3,44.44444444444444
33.33,Success,1,6,6,0,3,38.88888888888889
33.33,Success,1,6,7,0,4,38.88888888888889
33.33,Success,1,7,5,0,4,44.44444444444444
33.33,Success,1,6,6,2,3,38.88888888888889
33.33,Success,1,9,3,0,3,55.55555555555556
33.33,Success,1,8,8,0,1,50.0
33.33,Success,1,9,4,0,0,55.55555555555556
33.33,Success,1,7,9,0,0,44.44444444444444
33.33,Success,1,7,7,0,3,44.44444444444444
33.33,Success,1,6,6,1,4,38.88888888888889
33.33,Success,1,7,4,6,0,44.44444444444444
33.33,Success,1,6,6,0,1,38.88888888888889
33.33,Success,1,7,7,0,3,44.44444444444444
33.33,Success,1,6,6,0,2,38.88888888888889
33.33,Success,1,7,8,0,1,44.44444444444444
33.33,Success,1,7,5,2,3,44.44444444444444
33.33,Success,1,5,8,0,3,33.33333333333333
33.33,Success,1,8,3,0,5,50.0
33.33,Success,1,11,3,0,1,66.66666666666666
33.33,Success,1,7,6,0,3,44.44444444444444
33.33,Fail,1,4,6,4,3,27.77777777777778
33.33,Success,1,7,7,0,3,44.44444444444444
33.33,Success,1,7,3,0,3,44.44444444444444
33.33,Success,1,9,8,0,0,55.55555555555556
33.33,Success,1,7,9,0,1,44.44444444444444
33.33,Success,1,8,5,1,3,50.0
33.33,Success,1,9,5,0,1,55.55555555555556
33.33,Success,1,9,4,0,2,55.55555555555556
33.33,Success,1,8,6,0,1,50.0
33.33,Success,1,11,1,0,1,66.66666666666666
33.33,Success,1,6,8,0,1,38.88888888888889
35.0,Success,1,9,7,2,1,50.0
35.0,Success,1,7,6,0,5,40.0
35.0,Success,1,10,5,0,2,55.00000000000001
35.0,Success,1,7,9,0,2,40.0
35.0,Success,1,10,6,0,3,55.00000000000001
35.0,Success,1,10,5,0,4,55.00000000000001
35.0,Success,1,9,7,1,2,50.0
35.0,Success,1,8,8,0,3,45.0
35.0,Success,1,10,4,1,4,55.00000000000001
35.0,Success,1,6,8,2,3,35.0
35.0,Success,1,9,6,1,3,50.0
35.0,Success,1,9,7,0,1,50.0
35.0,Success,1,8,5,0,4,45.0
35.0,Success,1,9,6,2,2,50.0
35.0,Success,1,9,5,0,4,50.0
35.0,Success,1,11,5,0,1,60.0
35.0,Success,1,9,5,0,3,50.0
35.0,Fail,1,4,7,4,4,25.0
35.0,Success,1,8,5,3,3,45.0
35.0,Success,1,6,6,0,5,35.0
35.0,Success,1,8,8,3,0,45.0
35.0,Success,1,9,4,1,5,50.0
35.0,Success,1,11,3,0,4,60.0
35.0,Success,1,12,4,0,3,65.0
35.0,Success,1,6,9,0,2,35.0
35.0,Success,1,9,7,0,2,50.0
35.0,Success,1,8,4,3,4,45.0
35.0,Success,1,7,8,0,1,40.0
35.0,Success,1,9,5,2,3,50.0
35.0,Success,1,12,7,0,0,65.0
35.0,Success,1,8,8,0,2,45.0
35.0,Success,1,9,4,0,3,50.0
35.0,Success,1,12,6,0,0,65.0
35.0,Fail,1,4,6,0,6,25.0
35.0,Success,1,8,8,0,2,45.0
35.0,Success,1,8,6,0,3,45.0
35.0,Success,1,13,3,3,0,70.0
35.0,Success,1,10,4,0,5,55.00000000000001
35.0,Fail,1,5,12,0,2,30.0
35.0,Fail,1,5,11,0,1,30.0
35.0,Success,1,6,8,0,3,35.0
35.0,Success,1,12,5,0,1,65.0
35.0,Success,1,10,7,0,1,55.00000000000001
35.0,Success,1,11,5,0,1,60.0
35.0,Success,1,9,7,0,1,50.0
35.0,Success,1,7,9,3,0,40.0
35.0,Success,1,9,5,0,3,50.0
35.0,Fail,1,5,10,3,1,30.0
35.0,Success,1,10,8,0,0,55.00000000000001
35.0,Success,1,6,6,3,4,35.0
35.0,Success,1,6,10,2,1,35.0
35.0,Success,1,6,8,0,2,35.0
35.0,Success,1,7,8,0,1,40.0
35.0,Success,1,12,5,0,2,65.0
35.0,Success,1,11,5,0,2,60.0
35.0,Success,1,7,6,3,3,40.0
35.0,Success,1,8,6,0,3,45.0
35.0,Success,1,10,7,0,2,55.00000000000001
35.0,Success,1,6,5,1,7,35.0
35.0,Success,1,8,6,1,4,45.0
35.0,Success,1,8,8,0,3,45.0
35.0,Success,1,8,6,2,3,45.0
35.0,Fail,1,3,11,0,5,20.0
35.0,Success,1,9,9,0,1,50.0
35.0,Success,1,9,8,0,1,50.0
35.0,Success,1,10,7,2,0,55.00000000000001
35.0,Success,1,8,9,0,1,45.0
35.0,Success,1,8,7,0,4,45.0
35.0,Success,1,8,7,0,3,45.0
35.0,Success,1,11,5,0,1,60.0
35.0,Success,1,8,6,1,4,45.0
35.0,Success,1,12,5,0,1,65.0
35.0,Success,1,10,4,0,3,55.00000000000001
35.0,Success,1,9,8,0,2,50.0
35.0,Success,1,7,8,0,3,40.0
35.0,Success,1,10,7,0,2,55.00000000000001
35.0,Success,1,10,8,1,0,55.00000000000001
35.0,Success,1,11,7,0,1,60.0
35.0,Success,1,9,3,0,3,50.0
35.0,Success,1,9,6,0,3,50.0
35.0,Success,1,9,6,0,1,50.0
35.0,Success,1,6,10,1,2,35.0
35.0,Success,1,8,10,0,1,45.0
35.0,Success,1,6,9,2,2,35.0
35.0,Success,1,10,8,0,1,55.00000000000001
35.0,Success,1,8,6,0,1,45.0
35.0,Success,1,9,6,1,3,50.0
35.0,Success,1,7,11,0,1,40.0
35.0,Success,1,9,7,2,1,50.0
35.0,Success,1,10,5,0,2,55.00000000000001
35.0,Success,1,8,10,0,1,45.0
35.0,Success,1,6,10,0,3,35.0
35.0,Success,1,7,9,0,1,40.0
35.0,Success,1,9,6,2,2,50.0
35.0,Success,1,10,8,0,1,55.00000000000001
35.0,Success,1,8,7,0,3,45.0
35.0,Success,1,7,4,0,7,40.0
35.0,Success,1,10,5,2,2,55.00000000000001
35.0,Success,1,9,9,0,1,50.0
35.0,Success,1,9,4,3,3,50.0
35.0,Success,1,8,8,0,2,45.0
35.0,Success,1,7,9,3,0,40.0
35.0,Success,1,9,8,0,2,50.0
35.0,Success,1,6,8,0,3,35.0
35.0,Success,1,8,8,0,2,45.0
35.0,Success,1,8,5,0,1,45.0
35.0,Success,1,9,9,0,1,50.0
35.0,Success,1,8,5,0,4,45.0
35.0,Success,1,9,6,2,2,50.0
35.0,Success,1,9,6,0,4,50.0
35.0,Success,1,8,7,0,3,45.0
35.0,Success,1,6,11,0,1,35.0
35.0,Success,1,9,6,0,3,50.0
35.0,Success,1,10,7,1,1,55.00000000000001
35.0,Fail,1,5,9,0,2,30.0
35.0,Success,1,7,2,0,6,40.0
35.0,Success,1,9,8,1,1,50.0
35.0,Success,1,6,6,0,4,35.0
35.0,Success,1,7,5,0,5,40.0
35.0,Success,1,9,8,1,1,50.0
35.0,Fail,1,5,10,0,3,30.0
35.0,Success,1,9,7,1,2,50.0
35.0,Success,1,9,4,0,3,50.0
35.0,Success,1,9,5,0,3,50.0
35.0,Success,1,8,5,0,3,45.0
35.0,Success,1,10,5,1,3,55.00000000000001
35.0,Success,1,9,6,1,3,50.0
35.0,Success,1,9,6,2,2,50.0
35.0,Success,1,8,7,2,2,45.0
35.0,Success,1,12,4,0,1,65.0
35.0,Success,1,9,8,2,0,50.0
35.0,Success,1,8,8,2,1,45.0
35.0,Success,1,7,10,1,1,40.0
35.0,Success,1,9,6,0,4,50.0
35.0,Fail,1,4,5,0,5,25.0
35.0,Success,1,6,7,3,3,35.0
35.0,Fail,1,5,9,0,1,30.0
35.0,Success,1,8,7,0,3,45.0
35.0,Success,1,6,10,0,3,35.0
35.0,Success,1,10,6,1,2,55.00000000000001
35.0,Success,1,10,6,1,2,55.00000000000001
35.0,Success,1,8,8,0,0,45.0
35.0,Success,1,9,7,2,1,50.0
35.0,Success,1,9,6,1,3,50.0
35.0,Success,1,10,7,0,2,55.00000000000001
35.0,Success,1,7,11,0,1,40.0
35.0,Success,1,9,5,2,3,50.0
35.0,Success,1,6,10,0,2,35.0
35.0,Success,1,7,9,1,2,40.0
35.0,Success,1,8,5,2,4,45.0
35.0,Success,1,8,4,0,4,45.0
35.0,Success,1,10,5,0,3,55.00000000000001
35.0,Success,1,8,6,0,4,45.0
35.0,Success,1,10,2,4,3,55.00000000000001
35.0,Success,1,8,9,1,1,45.0
35.0,Success,1,8,8,1,2,45.0
35.0,Success,1,12,6,0,1,65.0
35.0,Success,1,10,6,0,2,55.00000000000001
35.0,Fail,1,4,10,1,4,25.0
35.0,Success,1,8,6,1,4,45.0
35.0,Success,1,10,7,0,1,55.00000000000001
35.0,Success,1,7,8,3,1,40.0
35.0,Success,1,12,5,0,1,65.0
35.0,Success,1,8,7,3,1,45.0
35.0,Success,1,8,6,0,2,45.0
35.0,Success,1,8,5,1,5,45.0
35.0,Success,1,6,8,2,3,35.0
35.0,Success,1,7,4,0,8,40.0
35.0,Success,1,12,3,0,2,65.0
35.0,Success,1,7,5,4,3,40.0
35.0,Success,1,8,6,0,4,45.0
35.0,Success,1,10,4,3,2,55.00000000000001
35.0,Success,1,10,6,0,3,55.00000000000001
35.0,Success,1,11,5,0,2,60.0
35.0,Success,1,8,7,2,2,45.0
35.0,Success,1,7,7,0,2,40.0
35.0,Success,1,8,7,3,1,45.0
35.0,Success,1,10,5,0,3,55.00000000000001
35.0,Success,1,7,6,5,1,40.0
35.0,Success,1,7,10,1,1,40.0
35.0,Success,1,8,9,0,2,45.0
35.0,Success,1,7,4,3,5,40.0
35.0,Success,1,8,5,3,3,45.0
35.0,Fail,1,5,10,2,2,30.0
35.0,Success,1,9,8,1,1,50.0
35.0,Success,1,10,7,0,1,55.00000000000001
35.0,Success,1,11,5,0,2,60.0
35.0,Success,1,10,6,0,2,55.00000000000001
35.0,Success,1,8,6,1,4,45.0
35.0,Success,1,8,7,0,1,45.0
35.0,Success,1,9,8,1,1,50.0
35.0,Success,1,10,8,0,1,55.00000000000001
35.0,Success,1,12,7,0,0,65.0
35.0,Success,1,8,9,0,2,45.0
35.0,Success,1,11,4,2,2,60.0
35.0,Success,1,7,5,0,2,40.0
35.0,Success,1,8,5,0,6,45.0
35.0,Success,1,8,7,0,3,45.0
35.0,Success,1,6,5,0,5,35.0
35.0,Success,1,9,8,1,1,50.0
40.0,Success,1,10,6,1,2,55.00000000000001
40.0,Success,1,9,2,4,4,50.0
40.0,Success,1,9,6,0,2,50.0
40.0,Success,1,11,4,0,3,60.0
40.0,Success,1,10,6,0,3,55.00000000000001
40.0,Success,1,7,6,2,4,40.0
40.0,Success,1,9,7,1,2,50.0
40.0,Success,1,9,5,0,1,50.0
40.0,Fail,1,4,7,0,2,25.0
40.0,Success,1,7,5,2,5,40.0
40.0,Fail,1,6,8,2,3,35.0
40.0,Success,1,10,4,1,4,55.00000000000001
40.0,Success,1,7,7,0,1,40.0
40.0,Success,1,7,6,2,4,40.0
40.0,Success,1,7,8,3,1,40.0
40.0,Success,1,14,1,1,3,75.0
40.0,Success,1,7,5,4,3,40.0
40.0,Fail,1,6,4,5,4,35.0
40.0,Success,1,8,7,1,3,45.0
40.0,Success,1,10,9,0,0,55.00000000000001
40.0,Success,1,8,8,0,2,45.0
40.0,Fail,1,5,8,2,4,30.0
40.0,Success,1,11,3,1,4,60.0
40.0,Success,1,12,6,1,0,65.0
40.0,Success,1,8,5,0,2,45.0
40.0,Success,1,11,7,1,0,60.0
40.0,Success,1,9,3,0,3,50.0
40.0,Fail,1,6,8,0,2,35.0
40.0,Success,1,10,7,0,2,55.00000000000001
40.0,Fail,1,6,7,0,4,35.0
40.0,Success,1,8,5,2,4,45.0
40.0,Success,1,9,4,2,4,50.0
40.0,Success,1,9,3,0,5,50.0
40.0,Fail,1,6,5,2,6,35.0
40.0,Success,1,9,8,0,2,50.0
40.0,Fail,1,6,9,0,2,35.0
40.0,Success,1,8,7,0,2,45.0
40.0,Success,1,12,6,0,0,65.0
40.0,Fail,1,3,10,0,4,20.0
40.0,Success,1,13,5,0,0,70.0
40.0,Success,1,9,5,0,1,50.0
40.0,Success,1,7,7,0,2,40.0
40.0,Success,1,11,4,0,2,60.0
40.0,Success,1,7,7,2,3,40.0
40.0,Success,1,9,7,0,2,50.0
40.0,Fail,1,6,6,5,2,35.0
40.0,Success,1,7,7,0,2,40.0
40.0,Success,1,7,6,3,3,40.0
40.0,Success,1,7,10,1,1,40.0
40.0,Success,1,10,5,0,4,55.00000000000001
40.0,Success,1,11,5,0,2,60.0
40.0,Fail,1,6,10,0,3,35.0
40.0,Success,1,7,7,0,2,40.0
40.0,Success,1,11,4,0,4,60.0
40.0,Success,1,11,6,1,1,60.0
40.0,Success,1,10,5,1,3,55.00000000000001
40.0,Fail,1,4,7,0,5,25.0
40.0,Success,1,9,5,0,2,50.0
40.0,Success,1,10,3,0,5,55.00000000000001
40.0,Success,1,8,7,0,1,45.0
40.0,Success,1,8,5,2,4,45.0
40.0,Fail,1,6,9,1,3,35.0
40.0,Fail,1,4,9,4,2,25.0
40.0,Success,1,7,6,3,3,40.0
40.0,Success,1,11,4,0,2,60.0
40.0,Success,1,12,5,0,2,65.0
40.0,Success,1,10,6,1,2,55.00000000000001
40.0,Success,1,8,4,0,5,45.0
40.0,Success,1,8,6,1,4,45.0
40.0,Success,1,10,6,2,1,55.00000000000001
40.0,Success,1,8,8,0,2,45.0
40.0,Success,1,8,6,0,2,45.0
40.0,Fail,1,6,6,0,4,35.0
40.0,Success,1,9,8,0,2,50.0
40.0,Success,1,9,6,1,3,50.0
40.0,Success,1,12,5,2,0,65.0
40.0,Fail,1,6,9,0,2,35.0
40.0,Fail,1,6,9,0,3,35.0
40.0,Success,1,7,8,0,1,40.0
40.0,Success,1,9,5,0,3,50.0
40.0,Success,1,8,8,0,2,45.0
40.0,Success,1,8,4,5,2,45.0
40.0,Success,1,11,5,0,2,60.0
40.0,Success,1,9,6,4,0,50.0
40.0,Success,1,7,5,4,3,40.0
40.0,Fail,1,5,8,0,5,30.0
40.0,Success,1,11,4,0,1,60.0
40.0,Success,1,10,6,0,2,55.00000000000001
40.0,Success,1,10,5,2,2,55.00000000000001
40.0,Fail,1,6,9,0,3,35.0
40.0,Success,1,7,7,1,4,40.0
40.0,Success,1,8,6,1,4,45.0
40.0,Success,1,8,8,3,0,45.0
40.0,Success,1,9,5,2,3,50.0
40.0,Success,1,10,5,2,2,55.00000000000001
40.0,Success,1,8,4,0,3,45.0
40.0,Success,1,8,7,0,3,45.0
40.0,Success,1,8,5,0,5,45.0
40.0,Success,1,10,7,0,1,55.00000000000001
40.0,Success,1,8,8,0,1,45.0
0.67,Success,1,294,224,0,71,49.166666666666664
0.67,Success,1,290,231,4,74,48.5
0.67,Success,1,280,231,0,82,46.833333333333336
0.67,Success,1,289,219,0,82,48.333333333333336
0.67,Success,1,306,212,0,64,51.16666666666667
0.67,Success,1,291,224,13,71,48.66666666666667
0.67,Success,1,280,223,0,74,46.833333333333336
0.67,Success,1,300,213,14,72,50.16666666666667
0.67,Success,1,298,225,9,67,49.833333333333336
0.67,Success,1,312,212,12,63,52.166666666666664
0.67,Success,1,298,218,8,75,49.833333333333336
0.67,Success,1,288,221,0,78,48.16666666666667
0.67,Success,1,308,214,0,74,51.5
0.67,Success,1,296,229,2,72,49.5
0.67,Success,1,292,216,0,75,48.833333333333336
0.67,Success,1,314,215,8,62,52.5
0.67,Success,1,283,217,20,79,47.333333333333336
0.67,Success,1,271,231,26,71,45.33333333333333
0.67,Success,1,283,229,10,77,47.333333333333336
0.67,Success,1,291,231,11,66,48.66666666666667
0.67,Success,1,291,215,19,74,48.66666666666667
0.67,Success,1,305,217,9,68,51.0
0.67,Success,1,295,231,4,69,49.333333333333336
0.67,Success,1,284,216,0,87,47.5
0.67,Success,1,310,213,0,69,51.83333333333333
0.67,Success,1,273,202,0,82,45.666666666666664
0.67,Success,1,269,245,0,77,45.0
0.67,Success,1,306,207,16,70,51.16666666666667
0.67,Success,1,289,223,6,81,48.333333333333336
0.67,Success,1,285,236,9,69,47.66666666666667
0.67,Success,1,303,200,0,80,50.66666666666667
0.67,Success,1,303,212,9,75,50.66666666666667
0.67,Success,1,307,215,4,73,51.33333333333333
0.67,Success,1,289,192,0,79,48.333333333333336
0.67,Success,1,305,232,0,59,51.0
0.67,Success,1,297,229,0,67,49.666666666666664
0.67,Success,1,278,231,5,85,46.5
0.67,Success,1,298,245,0,55,49.833333333333336
0.67,Success,1,288,235,0,72,48.16666666666667
0.67,Success,1,298,230,0,70,49.833333333333336
0.67,Success,1,281,237,0,63,47.0
0.67,Success,1,276,221,0,85,46.166666666666664
0.67,Success,1,295,216,0,84,49.333333333333336
0.67,Success,1,288,209,22,80,48.16666666666667
0.67,Success,1,303,211,10,75,50.66666666666667
0.67,Success,1,304,216,3,76,50.83333333333333
0.67,Success,1,300,233,0,61,50.16666666666667
0.67,Success,1,296,210,12,81,49.5
0.67,Success,1,311,204,0,84,52.0
0.67,Success,1,303,227,6,63,50.66666666666667
0.67,Success,1,279,219,22,79,46.666666666666664
0.67,Success,1,285,196,0,85,47.66666666666667
0.67,Success,1,296,220,0,77,49.5
0.67,Success,1,303,215,0,73,50.66666666666667
0.67,Success,1,296,215,0,83,49.5
0.67,Success,1,309,210,0,73,51.66666666666667
0.67,Success,1,286,233,1,79,47.833333333333336
0.67,Success,1,284,220,0,88,47.5
0.67,Success,1,315,203,0,72,52.666666666666664
0.67,Success,1,298,218,0,76,49.833333333333336
0.67,Success,1,290,227,0,80,48.5
0.67,Success,1,292,219,8,80,48.833333333333336
0.67,Success,1,292,217,0,78,48.833333333333336
0.67,Success,1,285,232,1,81,47.66666666666667
0.67,Success,1,298,211,0,70,49.833333333333336
0.67,Success,1,310,207,0,82,51.83333333333333
0.67,Success,1,272,224,24,79,45.5
0.67,Success,1,301,220,0,77,50.33333333333333
0.67,Success,1,297,222,16,64,49.666666666666664
0.67,Success,1,282,226,0,80,47.16666666666667
0.67,Success,1,306,221,0,69,51.16666666666667
0.67,Success,1,291,216,0,79,48.66666666666667
0.67,Success,1,313,209,0,76,52.33333333333333
0.67,Success,1,303,225,0,70,50.66666666666667
0.67,Success,1,313,198,0,76,52.33333333333333
0.67,Success,1,306,221,0,66,51.16666666666667
0.67,Success,1,289,206,0,89,48.333333333333336
0.67,Success,1,294,211,7,87,49.166666666666664
0.67,Success,1,300,224,0,63,50.16666666666667
0.67,Success,1,295,211,19,74,49.333333333333336
0.67,Success,1,315,214,0,69,52.666666666666664
0.67,Success,1,299,222,3,75,50.0
0.67,Success,1,313,224,0,58,52.33333333333333
0.67,Success,1,303,218,0,58,50.66666666666667
0.67,Success,1,291,202,11,95,48.66666666666667
0.67,Success,1,298,212,12,77,49.833333333333336
0.67,Success,1,306,198,0,76,51.16666666666667
0.67,Success,1,292,222,0,79,48.833333333333336
0.67,Success,1,302,213,0,77,50.5
0.67,Success,1,300,234,5,60,50.16666666666667
0.67,Success,1,288,230,0,81,48.16666666666667
0.67,Success,1,292,222,0,79,48.833333333333336
0.67,Success,1,280,229,0,72,46.833333333333336
0.67,Success,1,305,211,6,77,51.0
0.67,Success,1,301,204,0,91,50.33333333333333
0.67,Success,1,282,230,12,75,47.16666666666667
0.67,Success,1,295,208,0,70,49.333333333333336
0.67,Success,1,278,228,21,72,46.5
0.67,Success,1,287,222,0,84,48.0
0.67,Success,1,289,217,0,80,48.333333333333336
32.5,Success,1,19,17,0,1,50.0
32.5,Success,1,16,16,2,5,42.5
32.5,Success,1,18,14,0,6,47.5
32.5,Success,1,13,15,3,8,35.0
32.5,Success,1,18,15,1,5,47.5
32.5,Success,1,19,16,1,3,50.0
32.5,Success,1,22,10,0,6,57.49999999999999
32.5,Success,1,17,11,0,5,45.0
32.5,Success,1,14,17,4,4,37.5
32.5,Success,1,20,12,0,4,52.5
32.5,Success,1,21,9,1,8,55.00000000000001
32.5,Success,1,20,10,0,8,52.5
32.5,Success,1,20,11,0,3,52.5
32.5,Success,1,20,15,1,3,52.5
32.5,Success,1,20,15,0,3,52.5
32.5,Success,1,18,13,0,4,47.5
32.5,Success,1,12,20,0,5,32.5
32.5,Success,1,13,15,2,9,35.0
32.5,Success,1,16,13,5,5,42.5
32.5,Success,1,14,21,0,3,37.5
32.5,Success,1,13,22,0,4,35.0
32.5,Success,1,19,13,1,6,50.0
32.5,Success,1,15,15,0,5,40.0
32.5,Success,1,16,17,3,3,42.5
32.5,Success,1,20,11,2,6,52.5
32.5,Success,1,18,13,2,6,47.5
32.5,Success,1,16,13,4,6,42.5
32.5,Success,1,21,12,1,5,55.00000000000001
32.5,Success,1,14,17,0,6,37.5
32.5,Success,1,15,18,0,5,40.0
32.5,Success,1,18,13,0,6,47.5
32.5,Success,1,18,12,0,7,47.5
32.5,Success,1,20,14,0,2,52.5
32.5,Success,1,19,14,5,1,50.0
32.5,Success,1,22,11,0,4,57.49999999999999
32.5,Success,1,17,14,3,5,45.0
32.5,Success,1,20,15,3,1,52.5
32.5,Success,1,21,15,0,1,55.00000000000001
32.5,Success,1,19,11,0,6,50.0
32.5,Success,1,19,9,0,9,50.0
32.5,Success,1,19,14,0,2,50.0
32.5,Success,1,17,16,0,4,45.0
32.5,Success,1,18,10,7,4,47.5
32.5,Success,1,13,19,0,6,35.0
32.5,Success,1,14,11,8,6,37.5
32.5,Success,1,20,17,0,2,52.5
32.5,Success,1,18,16,0,5,47.5
32.5,Success,1,21,13,0,3,55.00000000000001
32.5,Success,1,16,17,0,3,42.5
32.5,Success,1,23,11,3,2,60.0
32.5,Success,1,20,14,2,3,52.5
32.5,Success,1,19,12,0,6,50.0
32.5,Success,1,20,9,5,5,52.5
32.5,Success,1,22,11,1,5,57.49999999999999
32.5,Success,1,21,11,0,6,55.00000000000001
32.5,Success,1,20,16,2,1,52.5
32.5,Success,1,16,13,0,7,42.5
32.5,Success,1,19,14,4,2,50.0
32.5,Success,1,18,14,2,5,47.5
32.5,Success,1,21,9,1,8,55.00000000000001
32.5,Success,1,20,13,2,4,52.5
32.5,Success,1,13,12,7,7,35.0
32.5,Success,1,16,15,1,7,42.5
32.5,Success,1,16,15,2,6,42.5
32.5,Success,1,14,19,2,4,37.5
32.5,Success,1,17,12,0,9,45.0
32.5,Success,1,17,17,0,4,45.0
32.5,Success,1,20,8,1,10,52.5
32.5,Success,1,16,19,3,1,42.5
32.5,Success,1,18,14,0,4,47.5
32.5,Success,1,20,14,0,4,52.5
32.5,Success,1,18,14,0,3,47.5
32.5,Success,1,14,8,7,10,37.5
32.5,Success,1,18,12,3,6,47.5
32.5,Success,1,17,16,0,5,45.0
32.5,Success,1,13,21,0,4,35.0
32.5,Success,1,16,14,2,7,42.5
32.5,Success,1,26,11,0,2,67.5
32.5,Success,1,19,15,0,5,50.0
32.5,Success,1,17,16,0,5,45.0
32.5,Success,1,18,13,0,7,47.5
32.5,Success,1,19,13,0,4,50.0
32.5,Success,1,16,12,2,9,42.5
32.5,Success,1,14,16,0,5,37.5
32.5,Success,1,18,13,0,4,47.5
32.5,Success,1,18,13,1,7,47.5
32.5,Success,1,18,12,3,6,47.5
32.5,Success,1,22,12,2,3,57.49999999999999
32.5,Success,1,14,13,5,7,37.5
32.5,Success,1,19,14,2,4,50.0
32.5,Success,1,20,13,2,4,52.5
32.5,Success,1,20,13,0,5,52.5
32.5,Success,1,23,10,0,5,60.0
32.5,Fail,1,11,16,7,5,30.0
32.5,Success,1,18,17,0,4,47.5
32.5,Success,1,20,10,3,6,52.5
32.5,Success,1,15,15,0,5,40.0
32.5,Success,1,15,16,0,5,40.0
32.5,Success,1,14,14,0,4,37.5
32.5,Success,1,18,14,0,6,47.5
50.0,Success,1,10,3,1,5,55.00000000000001
50.0,Fail,1,7,6,4,2,40.0
50.0,Fail,1,7,5,0,3,40.0
50.0,Success,1,9,4,3,3,50.0
50.0,Fail,1,5,9,2,3,30.0
50.0,Fail,1,8,5,4,2,45.0
50.0,Success,1,9,7,1,2,50.0
50.0,Success,1,11,3,3,2,60.0
50.0,Fail,1,7,8,0,1,40.0
50.0,Success,1,9,3,2,5,50.0
50.0,Success,1,9,7,2,1,50.0
50.0,Fail,1,8,7,0,3,45.0
50.0,Success,1,14,3,1,1,75.0
50.0,Fail,1,7,11,0,1,40.0
50.0,Fail,1,7,9,0,1,40.0
50.0,Fail,1,8,6,0,1,45.0
50.0,Success,1,9,5,1,4,50.0
50.0,Success,1,10,6,0,2,55.00000000000001
50.0,Success,1,10,4,0,3,55.00000000000001
50.0,Success,1,10,5,1,3,55.00000000000001
50.0,Success,1,10,6,0,3,55.00000000000001
50.0,Success,1,9,9,0,1,50.0
50.0,Success,1,9,7,0,3,50.0
50.0,Fail,1,7,8,1,3,40.0
50.0,Fail,1,5,10,1,3,30.0
50.0,Fail,1,8,7,2,2,45.0
50.0,Success,1,9,4,4,2,50.0
50.0,Success,1,10,7,0,2,55.00000000000001
50.0,Fail,1,7,9,0,1,40.0
50.0,Fail,1,7,7,2,3,40.0
50.0,Fail,1,8,9,1,1,45.0
50.0,Success,1,11,6,1,1,60.0
50.0,Success,1,9,7,0,3,50.0
50.0,Fail,1,8,6,1,4,45.0
50.0,Success,1,10,7,0,1,55.00000000000001
50.0,Fail,1,8,9,0,2,45.0
50.0,Success,1,10,6,1,2,55.00000000000001
50.0,Fail,1,7,5,4,3,40.0
50.0,Success,1,9,4,0,3,50.0
50.0,Success,1,10,8,0,1,55.00000000000001
50.0,Success,1,12,5,0,1,65.0
50.0,Fail,1,6,9,0,0,35.0
50.0,Fail,1,7,8,2,2,40.0
50.0,Success,1,9,8,0,2,50.0
50.0,Success,1,9,8,2,0,50.0
50.0,Fail,1,6,8,0,4,35.0
50.0,Success,1,11,6,1,1,60.0
50.0,Fail,1,8,6,1,4,45.0
50.0,Success,1,10,6,0,1,55.00000000000001
50.0,Fail,1,7,4,0,3,40.0
50.0,Success,1,10,6,1,2,55.00000000000001
50.0,Fail,1,8,9,1,1,45.0
50.0,Fail,1,7,9,1,2,40.0
50.0,Success,1,11,4,0,2,60.0
50.0,Fail,1,6,6,0,4,35.0
50.0,Fail,1,5,9,1,4,30.0
50.0,Fail,1,6,6,0,4,35.0
50.0,Success,1,9,4,2,4,50.0
50.0,Fail,1,8,9,0,2,45.0
50.0,Fail,1,7,7,4,1,40.0
50.0,Fail,1,6,7,4,2,35.0
50.0,Fail,1,8,8,0,1,45.0
50.0,Success,1,9,3,3,4,50.0
50.0,Success,1,10,3,2,4,55.00000000000001
50.0,Success,1,11,7,0,1,60.0
50.0,Fail,1,7,6,3,3,40.0
50.0,Fail,1,6,8,1,4,35.0
50.0,Success,1,10,3,1,5,55.00000000000001
50.0,Success,1,13,5,0,1,70.0
50.0,Fail,1,8,7,0,2,45.0
50.0,Fail,1,6,7,1,5,35.0
50.0,Fail,1,7,8,0,2,40.0
50.0,Fail,1,7,3,4,5,40.0
50.0,Success,1,11,6,0,0,60.0
50.0,Fail,1,7,7,3,2,40.0
50.0,Fail,1,8,8,0,3,45.0
50.0,Success,1,10,5,2,2,55.00000000000001
50.0,Fail,1,5,9,0,3,30.0
50.0,Success,1,9,9,0,1,50.0
50.0,Success,1,9,5,0,5,50.0
50.0,Success,1,9,9,0,1,50.0
50.0,Success,1,10,6,1,2,55.00000000000001
50.0,Success,1,9,6,0,3,50.0
50.0,Success,1,9,7,0,3,50.0
50.0,Fail,1,8,6,1,4,45.0
50.0,Success,1,9,3,0,2,50.0
50.0,Success,1,11,4,2,2,60.0
50.0,Fail,1,8,4,3,4,45.0
50.0,Fail,1,5,10,0,2,30.0
50.0,Success,1,10,6,0,1,55.00000000000001
50.0,Fail,1,7,8,0,3,40.0
50.0,Fail,1,8,5,0,5,45.0
50.0,Success,1,11,4,1,3,60.0
50.0,Fail,1,8,4,0,6,45.0
50.0,Success,1,10,6,0,3,55.00000000000001
50.0,Fail,1,6,9,2,2,35.0
50.0,Success,1,9,6,1,3,50.0
50.0,Fail,1,7,8,1,3,40.0
50.0,Success,1,12,6,1,0,65.0
50.0,Fail,1,7,4,0,4,40.0
93.33,Fail,1,6,4,0,2,46.666666666666664
93.33,Fail,1,8,5,0,1,60.0
93.33,Fail,1,9,3,0,1,66.66666666666666
93.33,Fail,1,6,6,0,2,46.666666666666664
93.33,Fail,1,8,4,0,2,60.0
93.33,Fail,1,9,3,2,0,66.66666666666666
93.33,Fail,1,8,4,1,1,60.0
93.33,Fail,1,7,5,1,1,53.333333333333336
93.33,Fail,1,8,3,0,3,60.0
93.33,Fail,1,8,5,1,0,60.0
93.33,Fail,1,3,7,0,1,26.666666666666668
93.33,Fail,1,4,7,0,2,33.33333333333333
93.33,Fail,1,8,3,1,2,60.0
93.33,Fail,1,3,7,0,2,26.666666666666668
93.33,Fail,1,4,7,1,2,33.33333333333333
93.33,Fail,1,5,4,2,3,40.0
93.33,Fail,1,4,8,0,1,33.33333333333333
93.33,Fail,1,5,5,3,1,40.0
93.33,Fail,1,7,7,0,0,53.333333333333336
93.33,Fail,1,5,7,0,1,40.0
93.33,Fail,1,9,3,0,1,66.66666666666666
93.33,Fail,1,7,4,2,1,53.333333333333336
93.33,Fail,1,7,4,1,2,53.333333333333336
93.33,Fail,1,6,2,0,5,46.666666666666664
93.33,Fail,1,5,6,0,2,40.0
93.33,Fail,1,8,6,0,0,60.0
93.33,Fail,1,5,5,2,2,40.0
93.33,Fail,1,8,5,0,0,60.0
93.33,Fail,1,6,5,0,3,46.666666666666664
93.33,Fail,1,10,4,0,0,73.33333333333333
93.33,Fail,1,8,4,1,1,60.0
93.33,Fail,1,7,5,1,1,53.333333333333336
93.33,Fail,1,4,5,1,4,33.33333333333333
93.33,Fail,1,4,4,0,3,33.33333333333333
93.33,Fail,1,6,7,0,0,46.666666666666664
93.33,Fail,1,5,4,0,3,40.0
93.33,Fail,1,5,4,0,4,40.0
93.33,Fail,1,7,5,0,1,53.333333333333336
93.33,Fail,1,5,5,2,2,40.0
93.33,Fail,1,7,5,0,1,53.333333333333336
93.33,Fail,1,7,2,4,1,53.333333333333336
93.33,Fail,1,8,5,0,1,60.0
93.33,Fail,1,7,3,1,3,53.333333333333336
93.33,Fail,1,6,5,1,2,46.666666666666664
93.33,Fail,1,6,2,4,2,46.666666666666664
93.33,Fail,1,10,4,0,0,73.33333333333333
93.33,Fail,1,6,3,1,4,46.666666666666664
93.33,Fail,1,2,7,5,0,20.0
93.33,Fail,1,7,6,0,1,53.333333333333336
93.33,Fail,1,11,1,0,0,80.0
93.33,Fail,1,5,8,0,0,40.0
93.33,Fail,1,4,6,0,3,33.33333333333333
93.33,Fail,1,8,5,0,1,60.0
93.33,Fail,1,3,4,4,3,26.666666666666668
93.33,Fail,1,6,6,0,1,46.666666666666664
93.33,Fail,1,6,5,0,2,46.666666666666664
93.33,Fail,1,4,5,2,3,33.33333333333333
93.33,Fail,1,4,7,0,1,33.33333333333333
93.33,Fail,1,8,2,0,3,60.0
93.33,Fail,1,8,4,0,2,60.0
93.33,Fail,1,6,6,0,2,46.666666666666664
93.33,Fail,1,5,5,0,2,40.0
93.33,Fail,1,7,4,0,2,53.333333333333336
93.33,Fail,1,5,4,1,4,40.0
93.33,Fail,1,7,5,0,0,53.333333333333336
93.33,Fail,1,8,5,0,1,60.0
93.33,Fail,1,8,4,0,2,60.0
93.33,Fail,1,6,7,0,1,46.666666666666664
93.33,Fail,1,8,2,0,3,60.0
93.33,Fail,1,6,4,2,2,46.666666666666664
93.33,Fail,1,5,5,0,2,40.0
93.33,Fail,1,4,8,2,0,33.33333333333333
93.33,Fail,1,8,3,1,2,60.0
93.33,Fail,1,8,6,0,0,60.0
93.33,Fail,1,7,5,0,2,53.333333333333336
93.33,Fail,1,6,5,1,2,46.666666666666664
93.33,Fail,1,7,5,0,2,53.333333333333336
93.33,Fail,1,7,3,1,3,53.333333333333336
93.33,Fail,1,6,3,4,1,46.666666666666664
93.33,Fail,1,7,5,0,1,53.333333333333336
93.33,Fail,1,6,5,1,2,46.666666666666664
93.33,Fail,1,7,5,0,2,53.333333333333336
93.33,Fail,1,4,4,0,4,33.33333333333333
93.33,Fail,1,6,5,2,1,46.666666666666664
93.33,Fail,1,6,6,0,2,46.666666666666664
93.33,Fail,1,6,6,0,1,46.666666666666664
93.33,Fail,1,3,10,1,0,26.666666666666668
93.33,Fail,1,7,5,0,0,53.333333333333336
93.33,Fail,1,7,6,0,0,53.333333333333336
93.33,Fail,1,5,6,0,2,40.0
93.33,Fail,1,8,4,0,2,60.0
93.33,Fail,1,5,5,1,3,40.0
93.33,Fail,1,2,6,0,3,20.0
93.33,Fail,1,6,7,0,1,46.666666666666664
93.33,Fail,1,8,2,0,3,60.0
93.33,Fail,1,7,1,4,2,53.333333333333336
93.33,Fail,1,7,3,0,3,53.333333333333336
93.33,Fail,1,5,8,0,0,40.0
93.33,Fail,1,8,3,0,3,60.0
93.33,Fail,1,8,4,0,2,60.0
40.0,Success,1,11,5,0,10,40.0
40.0,Success,1,16,10,0,2,56.666666666666664
40.0,Success,1,13,8,0,5,46.666666666666664
40.0,Success,1,14,9,0,6,50.0
40.0,Success,1,16,8,1,4,56.666666666666664
40.0,Success,1,17,10,0,2,60.0
40.0,Success,1,14,9,0,4,50.0
40.0,Success,1,13,8,2,6,46.666666666666664
40.0,Success,1,14,9,3,3,50.0
40.0,Success,1,15,12,1,1,53.333333333333336
40.0,Success,1,14,5,0,7,50.0
40.0,Success,1,15,9,3,2,53.333333333333336
40.0,Success,1,14,10,0,3,50.0
40.0,Success,1,14,10,1,4,50.0
40.0,Success,1,16,7,0,3,56.666666666666664
40.0,Fail,1,9,12,0,5,33.33333333333333
40.0,Success,1,14,11,1,3,50.0
40.0,Success,1,13,8,6,2,46.666666666666664
40.0,Success,1,11,15,0,2,40.0
40.0,Success,1,15,6,0,3,53.333333333333336
40.0,Success,1,17,7,1,4,60.0
40.0,Success,1,13,13,1,2,46.666666666666664
40.0,Success,1,17,8,0,4,60.0
40.0,Success,1,11,10,0,7,40.0
40.0,Success,1,18,9,0,0,63.33333333333333
40.0,Success,1,17,7,0,4,60.0
40.0,Success,1,15,8,0,3,53.333333333333336
40.0,Success,1,12,9,3,5,43.333333333333336
40.0,Success,1,15,11,0,3,53.333333333333336
40.0,Success,1,11,10,3,5,40.0
40.0,Success,1,17,11,0,1,60.0
40.0,Success,1,15,7,5,2,53.333333333333336
40.0,Success,1,17,6,3,3,60.0
40.0,Success,1,14,11,0,4,50.0
40.0,Success,1,15,7,2,5,53.333333333333336
40.0,Fail,1,10,10,0,8,36.666666666666664
40.0,Success,1,14,9,2,4,50.0
40.0,Success,1,13,12,0,3,46.666666666666664
40.0,Fail,1,10,12,3,4,36.666666666666664
40.0,Success,1,12,15,0,1,43.333333333333336
40.0,Success,1,13,12,1,3,46.666666666666664
40.0,Fail,1,10,14,0,3,36.666666666666664
40.0,Success,1,13,7,6,3,46.666666666666664
40.0,Success,1,18,9,1,1,63.33333333333333
40.0,Success,1,14,12,0,2,50.0
40.0,Success,1,19,7,1,2,66.66666666666666
40.0,Success,1,11,11,0,5,40.0
40.0,Success,1,15,7,3,4,53.333333333333336
40.0,Success,1,13,10,2,4,46.666666666666664
40.0,Success,1,14,12,0,1,50.0
40.0,Success,1,11,12,0,5,40.0
40.0,Success,1,11,16,0,1,40.0
40.0,Success,1,11,12,0,5,40.0
40.0,Success,1,13,9,0,5,46.666666666666664
40.0,Success,1,14,8,0,6,50.0
40.0,Success,1,12,9,0,3,43.333333333333336
40.0,Success,1,17,4,4,4,60.0
40.0,Success,1,14,10,0,4,50.0
40.0,Success,1,17,9,1,2,60.0
40.0,Success,1,19,5,1,4,66.66666666666666
40.0,Success,1,14,7,0,2,50.0
40.0,Success,1,12,13,0,4,43.333333333333336
40.0,Fail,1,8,14,0,7,30.0
40.0,Success,1,13,8,2,6,46.666666666666664
40.0,Success,1,12,13,0,4,43.333333333333336
40.0,Success,1,11,12,1,5,40.0
40.0,Success,1,15,10,0,4,53.333333333333336
40.0,Success,1,14,8,3,4,50.0
40.0,Success,1,14,7,0,5,50.0
40.0,Fail,1,10,10,6,3,36.666666666666664
40.0,Success,1,12,12,2,3,43.333333333333336
40.0,Success,1,12,8,5,4,43.333333333333336
40.0,Success,1,17,11,0,1,60.0
40.0,Success,1,14,10,0,4,50.0
40.0,Success,1,11,15,1,2,40.0
40.0,Success,1,15,8,1,5,53.333333333333336
40.0,Success,1,15,11,0,0,53.333333333333336
40.0,Success,1,14,9,0,4,50.0
40.0,Success,1,14,10,0,3,50.0
40.0,Success,1,18,7,0,2,63.33333333333333
40.0,Success,1,14,11,2,2,50.0
40.0,Success,1,11,14,3,1,40.0
40.0,Success,1,15,10,0,2,53.333333333333336
40.0,Success,1,16,5,0,6,56.666666666666664
40.0,Success,1,12,10,0,6,43.333333333333336
40.0,Success,1,13,9,0,7,46.666666666666664
40.0,Success,1,15,6,0,2,53.333333333333336
40.0,Success,1,12,9,2,6,43.333333333333336
40.0,Success,1,13,11,0,3,46.666666666666664
40.0,Success,1,14,10,0,5,50.0
40.0,Fail,1,10,11,1,7,36.666666666666664
40.0,Success,1,11,10,4,4,40.0
40.0,Success,1,19,7,0,1,66.66666666666666
40.0,Fail,1,10,13,3,3,36.666666666666664
40.0,Success,1,12,13,0,4,43.333333333333336
40.0,Success,1,13,6,0,5,46.666666666666664
40.0,Success,1,12,13,0,4,43.333333333333336
40.0,Success,1,15,10,0,2,53.333333333333336
40.0,Success,1,17,7,0,3,60.0
40.0,Success,1,17,8,0,3,60.0
33.33,Success,1,17,9,2,1,60.0
33.33,Success,1,11,11,2,5,40.0
33.33,Success,1,15,9,0,3,53.333333333333336
33.33,Success,1,19,9,0,1,66.66666666666666
33.33,Success,1,9,11,5,4,33.33333333333333
33.33,Fail,1,8,14,2,5,30.0
33.33,Success,1,9,6,8,6,33.33333333333333
33.33,Success,1,14,10,0,4,50.0
33.33,Success,1,14,10,2,3,50.0
33.33,Success,1,9,15,1,4,33.33333333333333
33.33,Success,1,16,7,0,2,56.666666666666664
33.33,Success,1,10,8,4,7,36.666666666666664
33.33,Success,1,14,12,1,2,50.0
33.33,Success,1,13,10,0,3,46.666666666666664
33.33,Fail,1,7,11,0,4,26.666666666666668
33.33,Success,1,14,8,2,5,50.0
33.33,Success,1,15,11,1,2,53.333333333333336
33.33,Success,1,9,12,2,6,33.33333333333333
33.33,Success,1,20,6,0,1,70.0
33.33,Success,1,12,10,5,2,43.333333333333336
33.33,Success,1,17,5,0,5,60.0
33.33,Success,1,16,11,1,1,56.666666666666664
33.33,Success,1,11,11,0,4,40.0
33.33,Success,1,17,9,0,1,60.0
33.33,Success,1,13,11,1,4,46.666666666666664
33.33,Success,1,14,8,0,6,50.0
33.33,Success,1,10,10,4,5,36.666666666666664
33.33,Success,1,15,7,0,5,53.333333333333336
33.33,Success,1,14,11,2,2,50.0
33.33,Success,1,13,11,0,3,46.666666666666664
33.33,Success,1,16,7,4,2,56.666666666666664
33.33,Success,1,14,9,5,1,50.0
33.33,Success,1,13,5,0,7,46.666666666666664
33.33,Success,1,11,10,0,5,40.0
33.33,Success,1,16,8,2,3,56.666666666666664
33.33,Success,1,13,11,0,3,46.666666666666664
33.33,Success,1,14,14,0,1,50.0
33.33,Success,1,13,10,0,3,46.666666666666664
33.33,Success,1,18,6,0,3,63.33333333333333
33.33,Success,1,18,8,0,2,63.33333333333333
33.33,Success,1,14,13,0,2,50.0
33.33,Success,1,11,13,2,3,40.0
33.33,Success,1,13,12,2,2,46.666666666666664
33.33,Success,1,15,11,1,2,53.333333333333336
33.33,Fail,1,6,9,4,10,23.333333333333332
33.33,Success,1,16,7,0,5,56.666666666666664
33.33,Success,1,13,11,3,2,46.666666666666664
33.33,Success,1,13,9,0,5,46.666666666666664
33.33,Success,1,15,10,0,3,53.333333333333336
33.33,Success,1,16,9,1,3,56.666666666666664
33.33,Success,1,16,11,0,1,56.666666666666664
33.33,Success,1,10,14,1,4,36.666666666666664
33.33,Success,1,15,8,4,2,53.333333333333336
33.33,Success,1,13,12,0,3,46.666666666666664
33.33,Success,1,11,8,0,4,40.0
33.33,Success,1,12,8,0,5,43.333333333333336
33.33,Success,1,15,10,2,2,53.333333333333336
33.33,Success,1,9,10,0,7,33.33333333333333
33.33,Success,1,12,9,1,7,43.333333333333336
33.33,Success,1,13,9,3,4,46.666666666666664
33.33,Success,1,13,10,0,4,46.666666666666664
33.33,Success,1,11,10,2,6,40.0
33.33,Success,1,11,8,2,8,40.0
33.33,Success,1,15,8,0,4,53.333333333333336
33.33,Success,1,16,7,3,3,56.666666666666664
33.33,Success,1,15,7,1,6,53.333333333333336
33.33,Success,1,10,7,6,6,36.666666666666664
33.33,Success,1,15,6,3,5,53.333333333333336
33.33,Success,1,15,10,0,3,53.333333333333336
33.33,Success,1,13,9,0,3,46.666666666666664
33.33,Success,1,15,11,0,3,53.333333333333336
33.33,Success,1,15,12,1,1,53.333333333333336
33.33,Success,1,15,9,0,4,53.333333333333336
33.33,Success,1,12,10,0,3,43.333333333333336
33.33,Success,1,15,9,0,5,53.333333333333336
33.33,Success,1,14,6,0,4,50.0
33.33,Success,1,11,7,6,5,40.0
33.33,Success,1,10,15,3,1,36.666666666666664
33.33,Success,1,18,7,0,2,63.33333333333333
33.33,Success,1,21,6,0,1,73.33333333333333
33.33,Success,1,11,11,0,3,40.0
33.33,Success,1,9,12,2,6,33.33333333333333
33.33,Success,1,13,10,0,6,46.666666666666664
33.33,Success,1,10,10,0,9,36.666666666666664
33.33,Success,1,15,8,4,2,53.333333333333336
33.33,Success,1,10,11,0,4,36.666666666666664
33.33,Success,1,12,12,0,4,43.333333333333336
33.33,Success,1,14,13,1,1,50.0
33.33,Success,1,12,6,5,6,43.333333333333336
33.33,Success,1,16,11,0,2,56.666666666666664
33.33,Success,1,13,8,6,2,46.666666666666664
33.33,Success,1,17,9,0,3,60.0
33.33,Success,1,13,8,4,4,46.666666666666664
33.33,Success,1,16,9,2,2,56.666666666666664
33.33,Success,1,18,8,0,2,63.33333333333333
33.33,Success,1,11,13,4,1,40.0
33.33,Success,1,12,12,0,1,43.333333333333336
33.33,Success,1,15,8,0,4,53.333333333333336
33.33,Success,1,11,13,3,2,40.0
33.33,Success,1,13,10,2,4,46.666666666666664
43.33,Success,1,13,11,0,4,46.666666666666664
43.33,Fail,1,11,10,0,7,40.0
43.33,Success,1,15,10,0,1,53.333333333333336
43.33,Success,1,14,9,2,4,50.0
43.33,Success,1,14,9,3,3,50.0
43.33,Success,1,14,10,0,4,50.0
43.33,Success,1,18,9,0,2,63.33333333333333
43.33,Success,1,14,11,1,3,50.0
43.33,Success,1,14,8,0,4,50.0
43.33,Success,1,16,9,0,1,56.666666666666664
43.33,Success,1,16,7,1,5,56.666666666666664
43.33,Success,1,13,12,0,3,46.666666666666664
43.33,Success,1,15,11,0,2,53.333333333333336
43.33,Success,1,18,8,2,1,63.33333333333333
43.33,Success,1,12,13,0,3,43.333333333333336
43.33,Success,1,14,12,0,1,50.0
43.33,Success,1,13,6,0,3,46.666666666666664
43.33,Success,1,12,11,1,5,43.333333333333336
43.33,Success,1,15,7,3,4,53.333333333333336
43.33,Success,1,12,9,4,4,43.333333333333336
43.33,Success,1,14,11,0,0,50.0
43.33,Success,1,17,7,0,5,60.0
43.33,Success,1,17,8,1,3,60.0
43.33,Success,1,19,9,0,1,66.66666666666666
43.33,Success,1,15,8,0,2,53.333333333333336
43.33,Fail,1,10,14,0,5,36.666666666666664
43.33,Success,1,15,11,0,0,53.333333333333336
43.33,Fail,1,10,7,2,10,36.666666666666664
43.33,Success,1,16,6,0,3,56.666666666666664
43.33,Success,1,12,11,0,5,43.333333333333336
43.33,Success,1,12,8,7,2,43.333333333333336
43.33,Success,1,16,10,1,2,56.666666666666664
43.33,Success,1,14,8,1,6,50.0
43.33,Success,1,16,8,0,4,56.666666666666664
43.33,Success,1,12,10,0,5,43.333333333333336
43.33,Success,1,14,8,3,4,50.0
43.33,Success,1,13,9,0,6,46.666666666666664
43.33,Success,1,14,8,0,4,50.0
43.33,Success,1,17,7,3,2,60.0
43.33,Success,1,15,11,0,2,53.333333333333336
43.33,Success,1,15,10,0,2,53.333333333333336
43.33,Success,1,14,9,0,4,50.0
43.33,Success,1,17,7,0,4,60.0
43.33,Fail,1,11,12,3,3,40.0
43.33,Success,1,14,13,0,2,50.0
43.33,Success,1,14,10,0,4,50.0
43.33,Fail,1,11,8,4,6,40.0
43.33,Success,1,14,9,0,4,50.0
43.33,Success,1,13,8,0,7,46.666666666666664
43.33,Success,1,16,9,2,2,56.666666666666664
43.33,Fail,1,11,15,0,1,40.0
43.33,Success,1,15,9,1,4,53.333333333333336
43.33,Success,1,13,12,1,3,46.666666666666664
43.33,Fail,1,10,14,1,4,36.666666666666664
43.33,Fail,1,10,10,0,9,36.666666666666664
43.33,Fail,1,10,15,2,2,36.666666666666664
43.33,Success,1,13,10,0,5,46.666666666666664
43.33,Success,1,15,9,3,2,53.333333333333336
43.33,Success,1,14,11,2,2,50.0
43.33,Success,1,13,12,0,3,46.666666666666664
43.33,Success,1,13,10,3,3,46.666666666666664
43.33,Fail,1,11,16,0,2,40.0
43.33,Fail,1,11,12,3,3,40.0
43.33,Fail,1,11,13,0,2,40.0
43.33,Success,1,12,10,0,4,43.333333333333336
43.33,Fail,1,11,14,2,2,40.0
43.33,Success,1,14,8,0,4,50.0
43.33,Fail,1,11,9,0,7,40.0
43.33,Success,1,14,14,0,1,50.0
43.33,Success,1,16,11,0,1,56.666666666666664
43.33,Success,1,16,9,0,3,56.666666666666664
43.33,Success,1,16,9,0,3,56.666666666666664
43.33,Success,1,15,11,0,2,53.333333333333336
43.33,Success,1,14,6,3,6,50.0
43.33,Success,1,12,9,1,7,43.333333333333336
43.33,Success,1,15,12,0,2,53.333333333333336
43.33,Success,1,15,9,0,3,53.333333333333336
43.33,Fail,1,11,11,2,5,40.0
43.33,Success,1,16,8,0,5,56.666666666666664
43.33,Success,1,12,13,4,0,43.333333333333336
43.33,Success,1,15,6,0,6,53.333333333333336
43.33,Success,1,16,9,0,1,56.666666666666664
43.33,Success,1,16,11,0,2,56.666666666666664
43.33,Fail,1,11,11,0,5,40.0
43.33,Success,1,15,13,1,0,53.333333333333336
43.33,Success,1,18,6,0,1,63.33333333333333
43.33,Success,1,15,8,3,3,53.333333333333336
43.33,Success,1,15,12,0,2,53.333333333333336
43.33,Success,1,13,12,3,1,46.666666666666664
43.33,Success,1,14,12,0,3,50.0
43.33,Fail,1,10,10,5,4,36.666666666666664
43.33,Success,1,16,9,0,1,56.666666666666664
43.33,Success,1,16,8,0,2,56.666666666666664
43.33,Fail,1,11,13,1,4,40.0
43.33,Success,1,19,7,0,1,66.66666666666666
43.33,Success,1,13,9,0,3,46.666666666666664
43.33,Success,1,15,8,0,2,53.333333333333336
43.33,Success,1,13,5,5,6,46.666666666666664
43.33,Success,1,16,10,1,2,56.666666666666664
43.33,Fail,1,10,10,0,5,36.666666666666664
30.0,Success,1,17,8,0,4,60.0
30.0,Success,1,16,7,0,5,56.666666666666664
30.0,Success,1,15,7,0,4,53.333333333333336
30.0,Success,1,13,11,0,4,46.666666666666664
30.0,Success,1,15,12,0,1,53.333333333333336
30.0,Success,1,11,7,0,5,40.0
30.0,Success,1,13,10,0,4,46.666666666666664
30.0,Success,1,11,10,2,6,40.0
30.0,Success,1,16,7,2,4,56.666666666666664
30.0,Success,1,13,7,3,6,46.666666666666664
30.0,Success,1,8,9,3,9,30.0
30.0,Success,1,9,15,0,2,33.33333333333333
30.0,Success,1,12,12,0,5,43.333333333333336
30.0,Success,1,17,11,1,0,60.0
30.0,Success,1,10,7,7,5,36.666666666666664
30.0,Success,1,11,12,0,3,40.0
30.0,Success,1,16,10,1,2,56.666666666666664
30.0,Success,1,16,10,0,3,56.666666666666664
30.0,Success,1,17,9,0,3,60.0
30.0,Success,1,11,10,0,4,40.0
30.0,Success,1,13,13,0,3,46.666666666666664
30.0,Success,1,15,7,0,6,53.333333333333336
30.0,Success,1,15,9,0,4,53.333333333333336
30.0,Success,1,9,9,4,7,33.33333333333333
30.0,Success,1,17,7,3,2,60.0
30.0,Success,1,17,8,2,2,60.0
30.0,Success,1,10,8,6,5,36.666666666666664
30.0,Success,1,16,11,0,1,56.666666666666664
30.0,Success,1,14,11,1,3,50.0
30.0,Success,1,16,6,0,7,56.666666666666664
30.0,Success,1,9,12,4,4,33.33333333333333
30.0,Success,1,13,11,0,4,46.666666666666664
30.0,Success,1,14,7,3,5,50.0
30.0,Success,1,15,10,0,3,53.333333333333336
30.0,Success,1,13,10,2,4,46.666666666666664
30.0,Success,1,13,12,0,2,46.666666666666664
30.0,Success,1,13,6,6,4,46.666666666666664
30.0,Success,1,13,9,4,3,46.666666666666664
30.0,Success,1,10,11,0,6,36.666666666666664
30.0,Success,1,12,9,5,3,43.333333333333336
30.0,Success,1,16,7,0,2,56.666666666666664
30.0,Success,1,14,7,7,1,50.0
30.0,Success,1,10,12,0,3,36.666666666666664
30.0,Success,1,18,6,0,2,63.33333333333333
30.0,Success,1,16,10,0,1,56.666666666666664
30.0,Success,1,14,8,3,4,50.0
30.0,Success,1,13,9,3,4,46.666666666666664
30.0,Success,1,15,7,2,5,53.333333333333336
30.0,Success,1,8,12,6,3,30.0
30.0,Success,1,15,9,0,5,53.333333333333336
30.0,Success,1,17,5,0,4,60.0
30.0,Success,1,14,8,0,4,50.0
30.0,Success,1,14,6,0,6,50.0
30.0,Success,1,11,10,2,6,40.0
30.0,Success,1,8,18,0,2,30.0
30.0,Success,1,15,11,2,1,53.333333333333336
30.0,Success,1,10,11,0,7,36.666666666666664
30.0,Success,1,13,7,6,3,46.666666666666664
30.0,Success,1,12,6,7,4,43.333333333333336
30.0,Success,1,11,12,6,0,40.0
30.0,Success,1,13,10,1,5,46.666666666666664
30.0,Success,1,13,10,0,6,46.666666666666664
30.0,Success,1,16,11,0,1,56.666666666666664
30.0,Success,1,15,6,4,4,53.333333333333336
30.0,Success,1,14,10,1,4,50.0
30.0,Success,1,12,8,0,5,43.333333333333336
30.0,Success,1,15,11,0,2,53.333333333333336
30.0,Success,1,17,7,1,4,60.0
30.0,Success,1,15,10,1,3,53.333333333333336
30.0,Success,1,17,5,1,6,60.0
30.0,Success,1,16,9,0,3,56.666666666666664
30.0,Success,1,13,5,0,7,46.666666666666664
30.0,Success,1,16,8,0,3,56.666666666666664
30.0,Success,1,12,10,0,4,43.333333333333336
30.0,Success,1,13,10,0,5,46.666666666666664
30.0,Success,1,10,14,2,3,36.666666666666664
30.0,Success,1,12,7,2,8,43.333333333333336
30.0,Success,1,14,12,0,1,50.0
30.0,Success,1,15,11,0,0,53.333333333333336
30.0,Success,1,14,6,0,3,50.0
30.0,Success,1,14,11,0,4,50.0
30.0,Success,1,14,12,0,3,50.0
30.0,Success,1,13,11,0,5,46.666666666666664
30.0,Success,1,16,9,1,3,56.666666666666664
30.0,Success,1,11,11,4,3,40.0
30.0,Success,1,13,11,0,3,46.666666666666664
30.0,Success,1,17,8,0,3,60.0
30.0,Success,1,13,14,0,2,46.666666666666664
30.0,Success,1,19,7,0,1,66.66666666666666
30.0,Success,1,12,7,7,3,43.333333333333336
30.0,Success,1,12,9,4,4,43.333333333333336
30.0,Success,1,14,10,0,4,50.0
30.0,Success,1,12,10,2,5,43.333333333333336
30.0,Success,1,13,9,0,6,46.666666666666664
30.0,Success,1,15,11,1,2,53.333333333333336
30.0,Success,1,13,9,0,3,46.666666666666664
30.0,Success,1,16,9,0,4,56.666666666666664
30.0,Success,1,12,13,1,3,43.333333333333336
30.0,Success,1,10,10,0,5,36.666666666666664
30.0,Success,1,13,10,2,4,46.666666666666664
20.0,Success,1,16,8,0,2,56.666666666666664
20.0,Success,1,16,9,0,3,56.666666666666664
20.0,Success,1,13,12,0,3,46.666666666666664
20.0,Success,1,14,11,0,2,50.0
20.0,Success,1,17,9,0,3,60.0
20.0,Success,1,12,9,3,5,43.333333333333336
20.0,Success,1,9,11,0,6,33.33333333333333
20.0,Success,1,14,8,0,3,50.0
20.0,Success,1,17,6,1,5,60.0
20.0,Success,1,11,12,0,5,40.0
20.0,Success,1,15,12,0,1,53.333333333333336
20.0,Success,1,14,11,0,3,50.0
20.0,Success,1,13,10,2,4,46.666666666666664
20.0,Success,1,12,8,3,6,43.333333333333336
20.0,Success,1,11,14,2,2,40.0
20.0,Success,1,15,8,2,4,53.333333333333336
20.0,Success,1,14,8,2,5,50.0
20.0,Success,1,11,9,0,7,40.0
20.0,Success,1,12,8,0,7,43.333333333333336
20.0,Success,1,15,10,2,2,53.333333333333336
20.0,Success,1,13,9,0,6,46.666666666666664
20.0,Success,1,16,7,5,1,56.666666666666664
20.0,Success,1,14,8,0,4,50.0
20.0,Success,1,14,11,0,4,50.0
20.0,Success,1,11,7,0,6,40.0
20.0,Success,1,16,10,0,2,56.666666666666664
20.0,Success,1,15,8,3,3,53.333333333333336
20.0,Success,1,14,10,3,2,50.0
20.0,Success,1,15,9,0,2,53.333333333333336
20.0,Success,1,16,9,0,4,56.666666666666664
20.0,Success,1,11,13,1,4,40.0
20.0,Success,1,12,11,0,5,43.333333333333336
20.0,Success,1,13,11,0,4,46.666666666666664
20.0,Success,1,15,12,0,2,53.333333333333336
20.0,Success,1,17,6,0,4,60.0
20.0,Success,1,14,8,2,5,50.0
20.0,Success,1,13,8,0,6,46.666666666666664
20.0,Success,1,18,8,0,3,63.33333333333333
20.0,Success,1,15,9,3,2,53.333333333333336
20.0,Success,1,16,8,0,5,56.666666666666664
20.0,Success,1,14,10,1,4,50.0
20.0,Success,1,14,10,4,1,50.0
20.0,Success,1,17,10,0,1,60.0
20.0,Success,1,11,13,2,3,40.0
20.0,Success,1,13,10,0,5,46.666666666666664
20.0,Success,1,13,8,1,7,46.666666666666664
20.0,Success,1,15,9,0,2,53.333333333333336
20.0,Success,1,12,11,2,4,43.333333333333336
20.0,Success,1,16,10,0,3,56.666666666666664
20.0,Success,1,14,9,2,4,50.0
20.0,Success,1,11,8,0,4,40.0
20.0,Success,1,16,9,0,4,56.666666666666664
20.0,Success,1,15,8,0,1,53.333333333333336
20.0,Success,1,17,7,1,4,60.0
20.0,Success,1,15,8,3,3,53.333333333333336
20.0,Success,1,10,8,6,5,36.666666666666664
20.0,Success,1,13,12,0,3,46.666666666666664
20.0,Success,1,12,11,2,4,43.333333333333336
20.0,Success,1,12,10,4,3,43.333333333333336
20.0,Success,1,14,10,0,5,50.0
20.0,Success,1,15,9,1,4,53.333333333333336
20.0,Success,1,7,9,0,7,26.666666666666668
20.0,Success,1,13,9,3,4,46.666666666666664
20.0,Success,1,13,12,1,3,46.666666666666664
20.0,Success,1,12,12,0,2,43.333333333333336
20.0,Success,1,11,11,5,2,40.0
20.0,Success,1,11,6,3,9,40.0
20.0,Success,1,11,11,1,6,40.0
20.0,Success,1,19,6,0,3,66.66666666666666
20.0,Success,1,8,7,0,11,30.0
20.0,Success,1,10,11,2,6,36.666666666666664
20.0,Success,1,15,9,1,4,53.333333333333336
20.0,Success,1,9,11,0,2,33.33333333333333
20.0,Success,1,14,14,0,1,50.0
20.0,Success,1,16,10,0,3,56.666666666666664
20.0,Success,1,11,8,2,8,40.0
20.0,Success,1,13,14,0,2,46.666666666666664
20.0,Success,1,16,9,1,3,56.666666666666664
20.0,Success,1,13,11,0,3,46.666666666666664
20.0,Success,1,9,12,4,4,33.33333333333333
20.0,Success,1,11,13,0,4,40.0
20.0,Success,1,16,10,0,2,56.666666666666664
20.0,Success,1,14,9,3,3,50.0
20.0,Success,1,16,8,2,3,56.666666666666664
20.0,Success,1,19,8,0,2,66.66666666666666
20.0,Success,1,14,13,0,2,50.0
20.0,Success,1,9,10,5,5,33.33333333333333
20.0,Success,1,13,5,3,8,46.666666666666664
20.0,Success,1,13,13,0,3,46.666666666666664
20.0,Success,1,15,11,2,1,53.333333333333336
20.0,Success,1,14,9,1,5,50.0
20.0,Success,1,14,7,0,8,50.0
20.0,Success,1,14,11,0,2,50.0
20.0,Success,1,12,11,0,5,43.333333333333336
20.0,Success,1,16,9,1,3,56.666666666666664
20.0,Success,1,13,11,0,5,46.666666666666664
20.0,Success,1,14,11,0,4,50.0
20.0,Success,1,15,8,1,5,53.333333333333336
20.0,Success,1,13,7,0,7,46.666666666666664
20.0,Success,1,18,7,0,2,63.33333333333333
30.0,Success,1,15,9,1,4,53.333333333333336
30.0,Success,1,13,9,5,2,46.666666666666664
30.0,Success,1,14,11,2,2,50.0
30.0,Success,1,13,10,3,3,46.666666666666664
30.0,Success,1,16,7,0,4,56.666666666666664
30.0,Success,1,13,11,0,3,46.666666666666664
30.0,Success,1,9,12,0,3,33.33333333333333
30.0,Success,1,14,11,2,2,50.0
30.0,Success,1,13,9,0,6,46.666666666666664
30.0,Success,1,13,10,0,4,46.666666666666664
30.0,Success,1,9,9,0,6,33.33333333333333
30.0,Success,1,16,10,1,2,56.666666666666664
30.0,Success,1,12,13,0,3,43.333333333333336
30.0,Success,1,12,4,5,8,43.333333333333336
30.0,Success,1,15,7,2,5,53.333333333333336
30.0,Success,1,16,8,2,3,56.666666666666664
30.0,Success,1,16,7,4,2,56.666666666666664
30.0,Success,1,10,10,0,7,36.666666666666664
30.0,Success,1,15,11,1,2,53.333333333333336
30.0,Success,1,12,9,3,5,43.333333333333336
30.0,Success,1,15,7,3,4,53.333333333333336
30.0,Success,1,15,11,2,1,53.333333333333336
30.0,Success,1,15,8,0,3,53.333333333333336
30.0,Success,1,13,9,0,5,46.666666666666664
30.0,Success,1,14,5,0,7,50.0
30.0,Success,1,14,9,0,4,50.0
30.0,Success,1,13,15,1,0,46.666666666666664
30.0,Fail,1,5,17,0,5,20.0
30.0,Success,1,17,8,0,3,60.0
30.0,Success,1,12,11,0,5,43.333333333333336
30.0,Success,1,15,8,0,4,53.333333333333336
30.0,Success,1,17,9,0,2,60.0
30.0,Success,1,19,8,2,0,66.66666666666666
30.0,Success,1,13,10,0,5,46.666666666666664
30.0,Success,1,13,7,0,5,46.666666666666664
30.0,Success,1,10,12,0,2,36.666666666666664
30.0,Success,1,14,5,4,6,50.0
30.0,Success,1,14,10,0,2,50.0
30.0,Success,1,14,12,0,3,50.0
30.0,Success,1,14,9,4,2,50.0
30.0,Success,1,10,9,0,8,36.666666666666664
30.0,Success,1,17,7,0,4,60.0
30.0,Success,1,12,10,0,7,43.333333333333336
30.0,Success,1,13,12,3,1,46.666666666666664
30.0,Success,1,10,10,0,5,36.666666666666664
30.0,Success,1,13,9,1,6,46.666666666666664
30.0,Success,1,15,9,0,3,53.333333333333336
30.0,Success,1,13,13,0,2,46.666666666666664
30.0,Success,1,11,13,1,4,40.0
30.0,Success,1,8,14,0,5,30.0
30.0,Success,1,15,7,5,2,53.333333333333336
30.0,Success,1,12,10,0,4,43.333333333333336
30.0,Success,1,21,6,0,2,73.33333333333333
30.0,Success,1,17,9,0,2,60.0
30.0,Success,1,10,15,0,4,36.666666666666664
30.0,Success,1,14,12,0,3,50.0
30.0,Success,1,15,8,2,4,53.333333333333336
30.0,Success,1,11,13,0,3,40.0
30.0,Success,1,15,7,3,4,53.333333333333336
30.0,Success,1,15,10,0,4,53.333333333333336
30.0,Success,1,8,15,3,3,30.0
30.0,Success,1,12,13,0,4,43.333333333333336
30.0,Success,1,14,12,1,2,50.0
30.0,Success,1,14,10,0,5,50.0
30.0,Success,1,17,10,0,1,60.0
30.0,Success,1,10,15,1,3,36.666666666666664
30.0,Success,1,13,9,0,6,46.666666666666664
30.0,Success,1,14,11,1,3,50.0
30.0,Success,1,14,9,0,3,50.0
30.0,Success,1,18,7,0,3,63.33333333333333
30.0,Success,1,14,9,0,4,50.0
30.0,Success,1,11,12,2,4,40.0
30.0,Success,1,16,9,1,3,56.666666666666664
30.0,Success,1,13,9,1,6,46.666666666666664
30.0,Success,1,16,7,5,1,56.666666666666664
30.0,Success,1,14,10,2,3,50.0
30.0,Success,1,14,9,0,4,50.0
30.0,Success,1,15,13,1,0,53.333333333333336
30.0,Success,1,13,11,2,3,46.666666666666664
30.0,Success,1,11,10,0,5,40.0
30.0,Success,1,9,15,0,4,33.33333333333333
30.0,Success,1,18,5,0,5,63.33333333333333
30.0,Success,1,17,10,1,1,60.0
30.0,Success,1,17,6,0,6,60.0
30.0,Success,1,16,9,0,4,56.666666666666664
30.0,Success,1,13,9,0,5,46.666666666666664
30.0,Success,1,17,9,1,2,60.0
30.0,Success,1,16,7,3,3,56.666666666666664
30.0,Success,1,14,12,0,1,50.0
30.0,Success,1,9,12,0,4,33.33333333333333
30.0,Success,1,9,13,0,4,33.33333333333333
30.0,Success,1,12,10,1,6,43.333333333333336
30.0,Success,1,13,13,0,3,46.666666666666664
30.0,Success,1,12,8,0,8,43.333333333333336
30.0,Success,1,17,10,1,1,60.0
30.0,Success,1,12,13,2,2,43.333333333333336
30.0,Success,1,13,8,0,6,46.666666666666664
30.0,Success,1,18,8,1,2,63.33333333333333
30.0,Success,1,15,10,0,3,53.333333333333336
30.0,Success,1,9,14,1,5,33.33333333333333
30.0,Success,1,10,14,2,3,36.666666666666664
30.0,Success,1,8,11,4,6,30.0
30.0,Success,1,11,10,3,5,40.0
30.0,Success,1,12,12,0,5,43.333333333333336
30.0,Success,1,14,8,0,5,50.0
30.0,Success,1,13,11,2,3,46.666666666666664
30.0,Success,1,10,10,0,4,36.666666666666664
30.0,Success,1,16,8,0,3,56.666666666666664
30.0,Success,1,12,11,3,3,43.333333333333336
30.0,Success,1,18,9,0,2,63.33333333333333
30.0,Success,1,14,8,3,4,50.0
30.0,Success,1,13,11,0,2,46.666666666666664
30.0,Success,1,14,12,0,3,50.0
30.0,Success,1,11,13,0,5,40.0
30.0,Success,1,17,7,2,3,60.0
30.0,Success,1,17,9,0,3,60.0
30.0,Success,1,14,8,0,3,50.0
30.0,Success,1,9,14,1,5,33.33333333333333
30.0,Success,1,16,10,0,2,56.666666666666664
30.0,Success,1,20,6,0,3,70.0
30.0,Success,1,15,10,0,3,53.333333333333336
30.0,Success,1,12,12,0,3,43.333333333333336
30.0,Success,1,10,10,0,6,36.666666666666664
30.0,Success,1,11,7,3,8,40.0
30.0,Success,1,15,6,1,7,53.333333333333336
30.0,Success,1,11,7,0,6,40.0
30.0,Success,1,12,10,0,5,43.333333333333336
30.0,Success,1,8,10,7,4,30.0
30.0,Success,1,11,12,0,3,40.0
30.0,Success,1,13,11,2,3,46.666666666666664
30.0,Success,1,15,5,4,5,53.333333333333336
30.0,Success,1,9,9,4,7,33.33333333333333
30.0,Success,1,10,11,3,5,36.666666666666664
30.0,Success,1,11,9,0,6,40.0
30.0,Success,1,14,8,0,5,50.0
30.0,Success,1,8,13,0,6,30.0
30.0,Success,1,16,7,0,2,56.666666666666664
30.0,Success,1,12,11,3,3,43.333333333333336
30.0,Success,1,14,11,1,3,50.0
30.0,Success,1,14,8,2,5,50.0
30.0,Success,1,9,10,5,5,33.33333333333333
30.0,Success,1,13,5,2,9,46.666666666666664
30.0,Success,1,14,10,3,2,50.0
30.0,Success,1,10,11,1,7,36.666666666666664
30.0,Success,1,12,13,2,2,43.333333333333336
30.0,Success,1,11,12,2,4,40.0
30.0,Success,1,12,11,0,4,43.333333333333336
30.0,Success,1,14,10,0,5,50.0
30.0,Success,1,13,13,0,2,46.666666666666664
30.0,Success,1,14,7,0,2,50.0
30.0,Success,1,11,11,5,2,40.0
30.0,Success,1,16,10,0,2,56.666666666666664
30.0,Success,1,16,10,0,2,56.666666666666664
30.0,Success,1,17,6,1,5,60.0
30.0,Success,1,14,9,2,4,50.0
30.0,Success,1,13,11,0,2,46.666666666666664
30.0,Success,1,12,10,0,4,43.333333333333336
30.0,Success,1,12,9,0,4,43.333333333333336
30.0,Success,1,14,10,0,4,50.0
30.0,Success,1,14,12,0,2,50.0
30.0,Success,1,15,11,1,2,53.333333333333336
30.0,Success,1,9,10,0,5,33.33333333333333
30.0,Success,1,16,10,0,2,56.666666666666664
30.0,Success,1,11,13,0,4,40.0
30.0,Success,1,17,8,0,3,60.0
30.0,Success,1,9,14,2,4,33.33333333333333
30.0,Success,1,13,6,0,8,46.666666666666664
30.0,Success,1,13,6,0,4,46.666666666666664
30.0,Success,1,14,10,1,4,50.0
30.0,Success,1,20,6,0,2,70.0
30.0,Success,1,13,10,5,1,46.666666666666664
30.0,Success,1,12,14,0,3,43.333333333333336
30.0,Success,1,14,7,3,5,50.0
30.0,Success,1,14,11,0,2,50.0
30.0,Success,1,16,11,0,2,56.666666666666664
30.0,Success,1,9,13,0,7,33.33333333333333
30.0,Success,1,17,9,1,2,60.0
30.0,Success,1,13,7,5,4,46.666666666666664
30.0,Success,1,9,12,4,4,33.33333333333333
30.0,Success,1,13,12,0,4,46.666666666666664
30.0,Success,1,13,10,0,4,46.666666666666664
30.0,Success,1,14,7,3,5,50.0
30.0,Success,1,13,7,8,1,46.666666666666664
30.0,Success,1,14,6,2,7,50.0
30.0,Success,1,16,9,0,3,56.666666666666664
30.0,Success,1,18,5,0,2,63.33333333333333
30.0,Success,1,11,10,1,7,40.0
30.0,Success,1,13,12,0,1,46.666666666666664
30.0,Success,1,14,8,0,3,50.0
30.0,Success,1,17,8,0,0,60.0
30.0,Success,1,12,8,0,3,43.333333333333336
30.0,Success,1,18,8,0,3,63.33333333333333
30.0,Success,1,12,11,0,6,43.333333333333336
30.0,Success,1,14,8,3,4,50.0
30.0,Success,1,17,8,0,4,60.0
30.0,Success,1,12,13,1,3,43.333333333333336
30.0,Success,1,15,7,0,5,53.333333333333336
30.0,Success,1,10,13,0,3,36.666666666666664
30.0,Success,1,9,14,4,2,33.33333333333333
30.0,Success,1,15,8,0,6,53.333333333333336
